row_index,variable,value,lower_fence,upper_fence,drug,reference
58,polymer_MW,98.0,-37.5,94.5,flurbiprofen,10.1002/jps.21383
59,polymer_MW,98.0,-37.5,94.5,flurbiprofen,10.1002/jps.21383
60,polymer_MW,98.0,-37.5,94.5,flurbiprofen,10.1002/jps.21383
187,polymer_MW,98.0,-37.5,94.5,flurbiprofen,10.1002/jps.20685
188,polymer_MW,98.0,-37.5,94.5,flurbiprofen,10.1002/jps.20685
189,polymer_MW,98.0,-37.5,94.5,flurbiprofen,10.1002/jps.20685
190,polymer_MW,98.0,-37.5,94.5,flurbiprofen,10.1002/jps.20685
191,polymer_MW,98.0,-37.5,94.5,flurbiprofen,10.1002/jps.20685
192,polymer_MW,98.0,-37.5,94.5,flurbiprofen,10.1002/jps.20685
193,polymer_MW,98.0,-37.5,94.5,flurbiprofen,10.1002/jps.20685
194,polymer_MW,98.0,-37.5,94.5,flurbiprofen,10.1002/jps.20685
195,polymer_MW,98.0,-37.5,94.5,flurbiprofen,10.1002/jps.20685
196,polymer_MW,98.0,-37.5,94.5,flurbiprofen,10.1002/jps.20685
197,polymer_MW,98.0,-37.5,94.5,flurbiprofen,10.1002/jps.20685
198,polymer_MW,98.0,-37.5,94.5,flurbiprofen,10.1002/jps.20685
199,polymer_MW,98.0,-37.5,94.5,flurbiprofen,10.1002/jps.20685
200,polymer_MW,98.0,-37.5,94.5,flurbiprofen,10.1002/jps.20685
201,polymer_MW,98.0,-37.5,94.5,flurbiprofen,10.1002/jps.20685
202,polymer_MW,98.0,-37.5,94.5,flurbiprofen,10.1002/jps.20685
212,polymer_MW,95.5,-37.5,94.5,ropinirole,10.1016/j.ijpharm.2020.119776
352,polymer_MW,95.5,-37.5,94.5,flurbiprofen,10.1016/j.colsurfb.2009.03.028
353,polymer_MW,236.37,-37.5,94.5,curcumin,10.1007/s10965-020-02092-7
354,polymer_MW,236.37,-37.5,94.5,niclosamide,10.1007/s10965-020-02092-7
409,polymer_MW,108.95,-37.5,94.5,mometasone-furoate,10.1021/acsomega.0c00111
58,LA/GA,3.0,1.0,1.0,flurbiprofen,10.1002/jps.21383
59,LA/GA,3.0,1.0,1.0,flurbiprofen,10.1002/jps.21383
60,LA/GA,3.0,1.0,1.0,flurbiprofen,10.1002/jps.21383
61,LA/GA,3.0,1.0,1.0,docetaxel,10.1039/c7bm01206c
135,LA/GA,2.33,1.0,1.0,rhodamine-B,10.3390/nano11030749
144,LA/GA,1.86,1.0,1.0,coumarin-6,10.1007/s00396-016-4007-3
145,LA/GA,5.67,1.0,1.0,coumarin-6,10.1007/s00396-016-4007-3
156,LA/GA,3.0,1.0,1.0,finasteride,10.1177/0883911520913906
157,LA/GA,3.0,1.0,1.0,finasteride,10.1177/0883911520913906
158,LA/GA,3.0,1.0,1.0,finasteride,10.1177/0883911520913906
159,LA/GA,3.0,1.0,1.0,finasteride,10.1177/0883911520913906
160,LA/GA,3.0,1.0,1.0,finasteride,10.1177/0883911520913906
161,LA/GA,3.0,1.0,1.0,finasteride,10.1177/0883911520913906
162,LA/GA,3.0,1.0,1.0,finasteride,10.1177/0883911520913906
163,LA/GA,3.0,1.0,1.0,finasteride,10.1177/0883911520913906
164,LA/GA,3.0,1.0,1.0,finasteride,10.1177/0883911520913906
187,LA/GA,3.0,1.0,1.0,flurbiprofen,10.1002/jps.20685
188,LA/GA,3.0,1.0,1.0,flurbiprofen,10.1002/jps.20685
189,LA/GA,3.0,1.0,1.0,flurbiprofen,10.1002/jps.20685
190,LA/GA,3.0,1.0,1.0,flurbiprofen,10.1002/jps.20685
191,LA/GA,3.0,1.0,1.0,flurbiprofen,10.1002/jps.20685
192,LA/GA,3.0,1.0,1.0,flurbiprofen,10.1002/jps.20685
193,LA/GA,3.0,1.0,1.0,flurbiprofen,10.1002/jps.20685
194,LA/GA,3.0,1.0,1.0,flurbiprofen,10.1002/jps.20685
195,LA/GA,3.0,1.0,1.0,flurbiprofen,10.1002/jps.20685
196,LA/GA,3.0,1.0,1.0,flurbiprofen,10.1002/jps.20685
197,LA/GA,3.0,1.0,1.0,flurbiprofen,10.1002/jps.20685
198,LA/GA,3.0,1.0,1.0,flurbiprofen,10.1002/jps.20685
199,LA/GA,3.0,1.0,1.0,flurbiprofen,10.1002/jps.20685
200,LA/GA,3.0,1.0,1.0,flurbiprofen,10.1002/jps.20685
201,LA/GA,3.0,1.0,1.0,flurbiprofen,10.1002/jps.20685
202,LA/GA,3.0,1.0,1.0,flurbiprofen,10.1002/jps.20685
212,LA/GA,3.0,1.0,1.0,ropinirole,10.1016/j.ijpharm.2020.119776
219,LA/GA,1.86,1.0,1.0,ketoprofen ,10.1016/j.colsurfb.2019.01.012
220,LA/GA,1.86,1.0,1.0,dl-α-tocopherol,10.1016/j.colsurfb.2019.01.012
221,LA/GA,3.0,1.0,1.0,ketoprofen ,10.1016/j.colsurfb.2019.01.012
222,LA/GA,3.0,1.0,1.0,dl-α-tocopherol,10.1016/j.colsurfb.2019.01.012
334,LA/GA,3.0,1.0,1.0,paclitaxel,10.1016/S0168-3659(02)00212-2
336,LA/GA,3.0,1.0,1.0,flurbiprofen,10.1016/j.colsurfb.2009.03.028
337,LA/GA,3.0,1.0,1.0,flurbiprofen,10.1016/j.colsurfb.2009.03.028
338,LA/GA,3.0,1.0,1.0,flurbiprofen,10.1016/j.colsurfb.2009.03.028
339,LA/GA,3.0,1.0,1.0,flurbiprofen,10.1016/j.colsurfb.2009.03.028
340,LA/GA,3.0,1.0,1.0,flurbiprofen,10.1016/j.colsurfb.2009.03.028
341,LA/GA,3.0,1.0,1.0,flurbiprofen,10.1016/j.colsurfb.2009.03.028
342,LA/GA,3.0,1.0,1.0,flurbiprofen,10.1016/j.colsurfb.2009.03.028
343,LA/GA,3.0,1.0,1.0,flurbiprofen,10.1016/j.colsurfb.2009.03.028
344,LA/GA,3.0,1.0,1.0,flurbiprofen,10.1016/j.colsurfb.2009.03.028
345,LA/GA,3.0,1.0,1.0,flurbiprofen,10.1016/j.colsurfb.2009.03.028
346,LA/GA,3.0,1.0,1.0,flurbiprofen,10.1016/j.colsurfb.2009.03.028
347,LA/GA,3.0,1.0,1.0,flurbiprofen,10.1016/j.colsurfb.2009.03.028
348,LA/GA,3.0,1.0,1.0,flurbiprofen,10.1016/j.colsurfb.2009.03.028
349,LA/GA,3.0,1.0,1.0,flurbiprofen,10.1016/j.colsurfb.2009.03.028
350,LA/GA,3.0,1.0,1.0,flurbiprofen,10.1016/j.colsurfb.2009.03.028
351,LA/GA,3.0,1.0,1.0,flurbiprofen,10.1016/j.colsurfb.2009.03.028
352,LA/GA,3.0,1.0,1.0,flurbiprofen,10.1016/j.colsurfb.2009.03.028
355,LA/GA,3.0,1.0,1.0,pranoprofen,10.1002/jps.24101
356,LA/GA,3.0,1.0,1.0,pranoprofen,10.1002/jps.24101
357,LA/GA,3.0,1.0,1.0,pranoprofen,10.1002/jps.24101
358,LA/GA,3.0,1.0,1.0,pranoprofen,10.1002/jps.24101
359,LA/GA,3.0,1.0,1.0,pranoprofen,10.1002/jps.24101
360,LA/GA,3.0,1.0,1.0,pranoprofen,10.1002/jps.24101
361,LA/GA,3.0,1.0,1.0,pranoprofen,10.1002/jps.24101
362,LA/GA,3.0,1.0,1.0,pranoprofen,10.1002/jps.24101
363,LA/GA,3.0,1.0,1.0,pranoprofen,10.1002/jps.24101
364,LA/GA,3.0,1.0,1.0,pranoprofen,10.1002/jps.24101
365,LA/GA,3.0,1.0,1.0,pranoprofen,10.1002/jps.24101
366,LA/GA,3.0,1.0,1.0,pranoprofen,10.1002/jps.24101
367,LA/GA,3.0,1.0,1.0,pranoprofen,10.1002/jps.24101
368,LA/GA,3.0,1.0,1.0,pranoprofen,10.1002/jps.24101
369,LA/GA,3.0,1.0,1.0,pranoprofen,10.1002/jps.24101
370,LA/GA,3.0,1.0,1.0,pranoprofen,10.1002/jps.24101
371,LA/GA,3.0,1.0,1.0,pranoprofen,10.1002/jps.24101
372,LA/GA,3.0,1.0,1.0,pranoprofen,10.1002/jps.24101
373,LA/GA,3.0,1.0,1.0,pranoprofen,10.1002/jps.24101
374,LA/GA,3.0,1.0,1.0,pranoprofen,10.1002/jps.24101
375,LA/GA,3.0,1.0,1.0,pranoprofen,10.1002/jps.24101
376,LA/GA,3.0,1.0,1.0,pranoprofen,10.1002/jps.24101
377,LA/GA,3.0,1.0,1.0,pranoprofen,10.1002/jps.24101
378,LA/GA,3.0,1.0,1.0,pranoprofen,10.1002/jps.24101
379,LA/GA,3.0,1.0,1.0,pranoprofen,10.1002/jps.24101
380,LA/GA,3.0,1.0,1.0,pranoprofen,10.1002/jps.24101
61,mol_MW,807.89,18.305,652.425,docetaxel,10.1039/c7bm01206c
125,mol_MW,853.92,18.305,652.425,paclitaxel,10.1016/j.jddst.2019.101380
126,mol_MW,853.92,18.305,652.425,paclitaxel,10.1016/j.jddst.2019.101380
127,mol_MW,853.92,18.305,652.425,paclitaxel,10.1016/j.jddst.2019.101380
128,mol_MW,853.92,18.305,652.425,paclitaxel,10.1016/j.jddst.2019.101380
129,mol_MW,853.92,18.305,652.425,paclitaxel,10.1016/j.jddst.2019.101380
130,mol_MW,853.92,18.305,652.425,paclitaxel,10.1016/j.jddst.2019.101380
131,mol_MW,749.0,18.305,652.425,azithromycin,10.1016/j.colsurfb.2010.05.027
132,mol_MW,749.0,18.305,652.425,azithromycin,10.1016/j.colsurfb.2010.05.027
133,mol_MW,749.0,18.305,652.425,azithromycin,10.1016/j.colsurfb.2010.05.027
151,mol_MW,705.65,18.305,652.425,itraconazole,10.2147/IJN.S54040
152,mol_MW,705.65,18.305,652.425,itraconazole,10.2147/IJN.S54040
153,mol_MW,705.65,18.305,652.425,itraconazole,10.2147/IJN.S54040
260,mol_MW,914.19,18.305,652.425,rapamycin,10.3109/10717544.2015.1039667
326,mol_MW,668.6,18.305,652.425,acetylpuerarin,10.1111/jphp.12481
332,mol_MW,853.92,18.305,652.425,paclitaxel,10.1016/S0168-3659(02)00212-2
333,mol_MW,853.92,18.305,652.425,paclitaxel,10.1016/S0168-3659(02)00212-2
334,mol_MW,853.92,18.305,652.425,paclitaxel,10.1016/S0168-3659(02)00212-2
425,mol_MW,853.92,18.305,652.425,paclitaxel,10.1016/j.colsurfb.2014.07.030
203,mol_logP,-0.8,0.585,5.745,5-fluorouracil,10.1016/j.ijpharm.2016.11.012
204,mol_logP,-0.8,0.585,5.745,5-fluorouracil,10.1016/j.ijpharm.2016.11.012
205,mol_logP,-0.8,0.585,5.745,5-fluorouracil,10.1016/j.ijpharm.2016.11.012
206,mol_logP,-0.8,0.585,5.745,5-fluorouracil,10.1016/j.ijpharm.2016.11.012
207,mol_logP,-0.8,0.585,5.745,5-fluorouracil,10.1016/j.ijpharm.2016.11.012
208,mol_logP,-0.8,0.585,5.745,5-fluorouracil,10.1016/j.ijpharm.2016.11.012
209,mol_logP,-0.8,0.585,5.745,5-fluorouracil,10.1016/j.ijpharm.2016.11.012
220,mol_logP,8.84,0.585,5.745,dl-α-tocopherol,10.1016/j.colsurfb.2019.01.012
222,mol_logP,8.84,0.585,5.745,dl-α-tocopherol,10.1016/j.colsurfb.2019.01.012
260,mol_logP,6.18,0.585,5.745,rapamycin,10.3109/10717544.2015.1039667
318,mol_logP,-1.05,0.585,5.745,3-methoxyxanthone,10.1016/j.ejpb.2004.09.002
322,mol_logP,-0.31,0.585,5.745,isoniazid,10.1080/01932691.2011.616128
323,mol_logP,8.91,0.585,5.745,garcinol,10.1038/s41598-017-00696-6
324,mol_logP,8.91,0.585,5.745,garcinol,10.1038/s41598-017-00696-6
325,mol_logP,8.91,0.585,5.745,garcinol,10.1038/s41598-017-00696-6
329,mol_logP,7.16,0.585,5.745,tetrandrine,10.3109/02652048.2016.1156175
420,mol_logP,0.12,0.585,5.745,procaine_dihydrate,10.1016/S0168-3659(98)00116-3
421,mol_logP,0.12,0.585,5.745,procaine_dihydrate,10.1016/S0168-3659(98)00116-3
422,mol_logP,0.12,0.585,5.745,procaine_dihydrate,10.1016/S0168-3659(98)00116-3
423,mol_logP,0.12,0.585,5.745,procaine_dihydrate,10.1016/S0168-3659(98)00116-3
424,mol_logP,0.12,0.585,5.745,procaine_dihydrate,10.1016/S0168-3659(98)00116-3
61,mol_TPSA,224.45,-55.06,193.98,docetaxel,10.1039/c7bm01206c
125,mol_TPSA,221.29,-55.06,193.98,paclitaxel,10.1016/j.jddst.2019.101380
126,mol_TPSA,221.29,-55.06,193.98,paclitaxel,10.1016/j.jddst.2019.101380
127,mol_TPSA,221.29,-55.06,193.98,paclitaxel,10.1016/j.jddst.2019.101380
128,mol_TPSA,221.29,-55.06,193.98,paclitaxel,10.1016/j.jddst.2019.101380
129,mol_TPSA,221.29,-55.06,193.98,paclitaxel,10.1016/j.jddst.2019.101380
130,mol_TPSA,221.29,-55.06,193.98,paclitaxel,10.1016/j.jddst.2019.101380
260,mol_TPSA,195.43,-55.06,193.98,rapamycin,10.3109/10717544.2015.1039667
326,mol_TPSA,197.24,-55.06,193.98,acetylpuerarin,10.1111/jphp.12481
332,mol_TPSA,221.29,-55.06,193.98,paclitaxel,10.1016/S0168-3659(02)00212-2
333,mol_TPSA,221.29,-55.06,193.98,paclitaxel,10.1016/S0168-3659(02)00212-2
334,mol_TPSA,221.29,-55.06,193.98,paclitaxel,10.1016/S0168-3659(02)00212-2
425,mol_TPSA,221.29,-55.06,193.98,paclitaxel,10.1016/j.colsurfb.2014.07.030
61,mol_Hacceptors,14.0,0.0,8.0,docetaxel,10.1039/c7bm01206c
125,mol_Hacceptors,14.0,0.0,8.0,paclitaxel,10.1016/j.jddst.2019.101380
126,mol_Hacceptors,14.0,0.0,8.0,paclitaxel,10.1016/j.jddst.2019.101380
127,mol_Hacceptors,14.0,0.0,8.0,paclitaxel,10.1016/j.jddst.2019.101380
128,mol_Hacceptors,14.0,0.0,8.0,paclitaxel,10.1016/j.jddst.2019.101380
129,mol_Hacceptors,14.0,0.0,8.0,paclitaxel,10.1016/j.jddst.2019.101380
130,mol_Hacceptors,14.0,0.0,8.0,paclitaxel,10.1016/j.jddst.2019.101380
131,mol_Hacceptors,14.0,0.0,8.0,azithromycin,10.1016/j.colsurfb.2010.05.027
132,mol_Hacceptors,14.0,0.0,8.0,azithromycin,10.1016/j.colsurfb.2010.05.027
133,mol_Hacceptors,14.0,0.0,8.0,azithromycin,10.1016/j.colsurfb.2010.05.027
151,mol_Hacceptors,12.0,0.0,8.0,itraconazole,10.2147/IJN.S54040
152,mol_Hacceptors,12.0,0.0,8.0,itraconazole,10.2147/IJN.S54040
153,mol_Hacceptors,12.0,0.0,8.0,itraconazole,10.2147/IJN.S54040
214,mol_Hacceptors,13.0,0.0,8.0,etoposide,10.1080/10717540802174662
215,mol_Hacceptors,13.0,0.0,8.0,etoposide,10.1080/10717540802174662
216,mol_Hacceptors,13.0,0.0,8.0,etoposide,10.1080/10717540802174662
217,mol_Hacceptors,14.0,0.0,8.0,cefpodoxime-proxetil,10.1016/j.jddst.2020.102145
218,mol_Hacceptors,14.0,0.0,8.0,cefpodoxime-proxetil,10.1016/j.jddst.2020.102145
260,mol_Hacceptors,13.0,0.0,8.0,rapamycin,10.3109/10717544.2015.1039667
326,mol_Hacceptors,15.0,0.0,8.0,acetylpuerarin,10.1111/jphp.12481
330,mol_Hacceptors,14.0,0.0,8.0,cefpodoxime-proxetil,10.1016/j.jddst.2020.102145
331,mol_Hacceptors,14.0,0.0,8.0,cefpodoxime-proxetil,10.1016/j.jddst.2020.102145
332,mol_Hacceptors,14.0,0.0,8.0,paclitaxel,10.1016/S0168-3659(02)00212-2
333,mol_Hacceptors,14.0,0.0,8.0,paclitaxel,10.1016/S0168-3659(02)00212-2
334,mol_Hacceptors,14.0,0.0,8.0,paclitaxel,10.1016/S0168-3659(02)00212-2
425,mol_Hacceptors,14.0,0.0,8.0,paclitaxel,10.1016/j.colsurfb.2014.07.030
31,mol_Hdonors,4.0,-0.5,3.5,rivastigmine-tartrate,10.1016/j.ejpb.2010.07.007
32,mol_Hdonors,4.0,-0.5,3.5,rivastigmine-tartrate,10.1016/j.ejpb.2010.07.007
33,mol_Hdonors,4.0,-0.5,3.5,rivastigmine-tartrate,10.1016/j.ejpb.2010.07.007
34,mol_Hdonors,4.0,-0.5,3.5,rivastigmine-tartrate,10.1016/j.ejpb.2010.07.007
35,mol_Hdonors,4.0,-0.5,3.5,rivastigmine-tartrate,10.1016/j.ejpb.2010.07.007
36,mol_Hdonors,4.0,-0.5,3.5,rivastigmine-tartrate,10.1016/j.ejpb.2010.07.007
37,mol_Hdonors,4.0,-0.5,3.5,rivastigmine-tartrate,10.1016/j.ejpb.2010.07.007
38,mol_Hdonors,4.0,-0.5,3.5,rivastigmine-tartrate,10.1016/j.ejpb.2010.07.007
39,mol_Hdonors,4.0,-0.5,3.5,rivastigmine-tartrate,10.1016/j.ejpb.2010.07.007
40,mol_Hdonors,4.0,-0.5,3.5,rivastigmine-tartrate,10.1016/j.ejpb.2010.07.007
41,mol_Hdonors,4.0,-0.5,3.5,rivastigmine-tartrate,10.1016/j.ejpb.2010.07.007
42,mol_Hdonors,4.0,-0.5,3.5,rivastigmine-tartrate,10.1016/j.ejpb.2010.07.007
43,mol_Hdonors,4.0,-0.5,3.5,rivastigmine-tartrate,10.1016/j.ejpb.2010.07.007
44,mol_Hdonors,4.0,-0.5,3.5,rivastigmine-tartrate,10.1016/j.ejpb.2010.07.007
45,mol_Hdonors,4.0,-0.5,3.5,rivastigmine-tartrate,10.1016/j.ejpb.2010.07.007
46,mol_Hdonors,4.0,-0.5,3.5,rivastigmine-tartrate,10.1016/j.ejpb.2010.07.007
47,mol_Hdonors,4.0,-0.5,3.5,rivastigmine-tartrate,10.1016/j.ejpb.2010.07.007
48,mol_Hdonors,4.0,-0.5,3.5,rivastigmine-tartrate,10.1016/j.ejpb.2010.07.007
49,mol_Hdonors,4.0,-0.5,3.5,rivastigmine-tartrate,10.1016/j.ejpb.2010.07.007
50,mol_Hdonors,4.0,-0.5,3.5,rivastigmine-tartrate,10.1016/j.ejpb.2010.07.007
51,mol_Hdonors,4.0,-0.5,3.5,rivastigmine-tartrate,10.1016/j.ejpb.2010.07.007
52,mol_Hdonors,4.0,-0.5,3.5,rivastigmine-tartrate,10.1016/j.ejpb.2010.07.007
53,mol_Hdonors,4.0,-0.5,3.5,rivastigmine-tartrate,10.1016/j.ejpb.2010.07.007
54,mol_Hdonors,4.0,-0.5,3.5,rivastigmine-tartrate,10.1016/j.ejpb.2010.07.007
55,mol_Hdonors,4.0,-0.5,3.5,rivastigmine-tartrate,10.1016/j.ejpb.2010.07.007
56,mol_Hdonors,4.0,-0.5,3.5,rivastigmine-tartrate,10.1016/j.ejpb.2010.07.007
57,mol_Hdonors,4.0,-0.5,3.5,rivastigmine-tartrate,10.1016/j.ejpb.2010.07.007
61,mol_Hdonors,5.0,-0.5,3.5,docetaxel,10.1039/c7bm01206c
89,mol_Hdonors,4.0,-0.5,3.5,lopinavir,10.1080/10717544.2016.1199605
90,mol_Hdonors,4.0,-0.5,3.5,lopinavir,10.1080/10717544.2016.1199605
91,mol_Hdonors,4.0,-0.5,3.5,lopinavir,10.1080/10717544.2016.1199605
92,mol_Hdonors,4.0,-0.5,3.5,lopinavir,10.1080/10717544.2016.1199605
93,mol_Hdonors,4.0,-0.5,3.5,lopinavir,10.1080/10717544.2016.1199605
94,mol_Hdonors,4.0,-0.5,3.5,lopinavir,10.1080/10717544.2016.1199605
95,mol_Hdonors,4.0,-0.5,3.5,lopinavir,10.1080/10717544.2016.1199605
96,mol_Hdonors,4.0,-0.5,3.5,lopinavir,10.1080/10717544.2016.1199605
97,mol_Hdonors,4.0,-0.5,3.5,lopinavir,10.1080/10717544.2016.1199605
98,mol_Hdonors,4.0,-0.5,3.5,lopinavir,10.1080/10717544.2016.1199605
99,mol_Hdonors,4.0,-0.5,3.5,lopinavir,10.1080/10717544.2016.1199605
100,mol_Hdonors,4.0,-0.5,3.5,lopinavir,10.1080/10717544.2016.1199605
101,mol_Hdonors,4.0,-0.5,3.5,lopinavir,10.1080/10717544.2016.1199605
102,mol_Hdonors,4.0,-0.5,3.5,lopinavir,10.1080/10717544.2016.1199605
103,mol_Hdonors,4.0,-0.5,3.5,lopinavir,10.1080/10717544.2016.1199605
104,mol_Hdonors,4.0,-0.5,3.5,lopinavir,10.1080/10717544.2016.1199605
105,mol_Hdonors,4.0,-0.5,3.5,lopinavir,10.1080/10717544.2016.1199605
106,mol_Hdonors,4.0,-0.5,3.5,lopinavir,10.1080/10717544.2016.1199605
107,mol_Hdonors,4.0,-0.5,3.5,lopinavir,10.1080/10717544.2016.1199605
108,mol_Hdonors,4.0,-0.5,3.5,lopinavir,10.1080/10717544.2016.1199605
109,mol_Hdonors,4.0,-0.5,3.5,lopinavir,10.1080/10717544.2016.1199605
110,mol_Hdonors,4.0,-0.5,3.5,lopinavir,10.1080/10717544.2016.1199605
111,mol_Hdonors,4.0,-0.5,3.5,lopinavir,10.1080/10717544.2016.1199605
112,mol_Hdonors,4.0,-0.5,3.5,lopinavir,10.1080/10717544.2016.1199605
113,mol_Hdonors,4.0,-0.5,3.5,lopinavir,10.1080/10717544.2016.1199605
114,mol_Hdonors,4.0,-0.5,3.5,lopinavir,10.1080/10717544.2016.1199605
115,mol_Hdonors,4.0,-0.5,3.5,lopinavir,10.1080/10717544.2016.1199605
125,mol_Hdonors,4.0,-0.5,3.5,paclitaxel,10.1016/j.jddst.2019.101380
126,mol_Hdonors,4.0,-0.5,3.5,paclitaxel,10.1016/j.jddst.2019.101380
127,mol_Hdonors,4.0,-0.5,3.5,paclitaxel,10.1016/j.jddst.2019.101380
128,mol_Hdonors,4.0,-0.5,3.5,paclitaxel,10.1016/j.jddst.2019.101380
129,mol_Hdonors,4.0,-0.5,3.5,paclitaxel,10.1016/j.jddst.2019.101380
130,mol_Hdonors,4.0,-0.5,3.5,paclitaxel,10.1016/j.jddst.2019.101380
131,mol_Hdonors,5.0,-0.5,3.5,azithromycin,10.1016/j.colsurfb.2010.05.027
132,mol_Hdonors,5.0,-0.5,3.5,azithromycin,10.1016/j.colsurfb.2010.05.027
133,mol_Hdonors,5.0,-0.5,3.5,azithromycin,10.1016/j.colsurfb.2010.05.027
213,mol_Hdonors,4.0,-0.5,3.5,salbutamol,10.1089/jamp.2009.0759
332,mol_Hdonors,4.0,-0.5,3.5,paclitaxel,10.1016/S0168-3659(02)00212-2
333,mol_Hdonors,4.0,-0.5,3.5,paclitaxel,10.1016/S0168-3659(02)00212-2
334,mol_Hdonors,4.0,-0.5,3.5,paclitaxel,10.1016/S0168-3659(02)00212-2
425,mol_Hdonors,4.0,-0.5,3.5,paclitaxel,10.1016/j.colsurfb.2014.07.030
61,mol_heteroatoms,15.0,-2.0,14.0,docetaxel,10.1039/c7bm01206c
125,mol_heteroatoms,15.0,-2.0,14.0,paclitaxel,10.1016/j.jddst.2019.101380
126,mol_heteroatoms,15.0,-2.0,14.0,paclitaxel,10.1016/j.jddst.2019.101380
127,mol_heteroatoms,15.0,-2.0,14.0,paclitaxel,10.1016/j.jddst.2019.101380
128,mol_heteroatoms,15.0,-2.0,14.0,paclitaxel,10.1016/j.jddst.2019.101380
129,mol_heteroatoms,15.0,-2.0,14.0,paclitaxel,10.1016/j.jddst.2019.101380
130,mol_heteroatoms,15.0,-2.0,14.0,paclitaxel,10.1016/j.jddst.2019.101380
217,mol_heteroatoms,16.0,-2.0,14.0,cefpodoxime-proxetil,10.1016/j.jddst.2020.102145
218,mol_heteroatoms,16.0,-2.0,14.0,cefpodoxime-proxetil,10.1016/j.jddst.2020.102145
326,mol_heteroatoms,15.0,-2.0,14.0,acetylpuerarin,10.1111/jphp.12481
330,mol_heteroatoms,16.0,-2.0,14.0,cefpodoxime-proxetil,10.1016/j.jddst.2020.102145
331,mol_heteroatoms,16.0,-2.0,14.0,cefpodoxime-proxetil,10.1016/j.jddst.2020.102145
332,mol_heteroatoms,15.0,-2.0,14.0,paclitaxel,10.1016/S0168-3659(02)00212-2
333,mol_heteroatoms,15.0,-2.0,14.0,paclitaxel,10.1016/S0168-3659(02)00212-2
334,mol_heteroatoms,15.0,-2.0,14.0,paclitaxel,10.1016/S0168-3659(02)00212-2
425,mol_heteroatoms,15.0,-2.0,14.0,paclitaxel,10.1016/j.colsurfb.2014.07.030
0,drug/polymer,1.0,-0.132,0.4,sparfloxacin,10.1016/j.nano.2009.10.004
1,drug/polymer,0.5,-0.132,0.4,sparfloxacin,10.1016/j.nano.2009.10.004
10,drug/polymer,0.5,-0.132,0.4,diazepam,10.1208/s12249-015-0294-0
58,drug/polymer,0.417,-0.132,0.4,flurbiprofen,10.1002/jps.21383
67,drug/polymer,0.5,-0.132,0.4,lorazepam,10.1155/2014/156010
107,drug/polymer,0.4,-0.132,0.4,lopinavir,10.1080/10717544.2016.1199605
108,drug/polymer,0.4,-0.132,0.4,lopinavir,10.1080/10717544.2016.1199605
109,drug/polymer,0.4,-0.132,0.4,lopinavir,10.1080/10717544.2016.1199605
132,drug/polymer,0.5,-0.132,0.4,azithromycin,10.1016/j.colsurfb.2010.05.027
133,drug/polymer,1.0,-0.132,0.4,azithromycin,10.1016/j.colsurfb.2010.05.027
189,drug/polymer,0.417,-0.132,0.4,flurbiprofen,10.1002/jps.20685
190,drug/polymer,0.417,-0.132,0.4,flurbiprofen,10.1002/jps.20685
193,drug/polymer,0.417,-0.132,0.4,flurbiprofen,10.1002/jps.20685
194,drug/polymer,0.417,-0.132,0.4,flurbiprofen,10.1002/jps.20685
197,drug/polymer,0.511,-0.132,0.4,flurbiprofen,10.1002/jps.20685
219,drug/polymer,0.5,-0.132,0.4,ketoprofen ,10.1016/j.colsurfb.2019.01.012
220,drug/polymer,0.5,-0.132,0.4,dl-α-tocopherol,10.1016/j.colsurfb.2019.01.012
221,drug/polymer,0.5,-0.132,0.4,ketoprofen ,10.1016/j.colsurfb.2019.01.012
222,drug/polymer,0.5,-0.132,0.4,dl-α-tocopherol,10.1016/j.colsurfb.2019.01.012
225,drug/polymer,0.5,-0.132,0.4,methyl-4-hydroxybenzoate,10.1016/j.jddst.2019.01.010
226,drug/polymer,0.5,-0.132,0.4,ethyl-4-hydroxybenzoate,10.1016/j.jddst.2019.01.010
227,drug/polymer,0.5,-0.132,0.4,propyl-4-hydroxybenzoate,10.1016/j.jddst.2019.01.010
228,drug/polymer,0.5,-0.132,0.4,butyl-4-hydroxybenzoate,10.1016/j.jddst.2019.01.010
229,drug/polymer,0.5,-0.132,0.4,heptyl-4-hydroxybenzoate,10.1016/j.jddst.2019.01.010
230,drug/polymer,0.5,-0.132,0.4,octyl-4-hydroxybenzoate,10.1016/j.jddst.2019.01.010
231,drug/polymer,0.5,-0.132,0.4,diosgenin,10.1016/j.jddst.2022.103743
322,drug/polymer,0.706,-0.132,0.4,isoniazid,10.1080/01932691.2011.616128
327,drug/polymer,0.667,-0.132,0.4,paeonol,10.1016/j.ijpharm.2021.120617
336,drug/polymer,0.417,-0.132,0.4,flurbiprofen,10.1016/j.colsurfb.2009.03.028
337,drug/polymer,0.417,-0.132,0.4,flurbiprofen,10.1016/j.colsurfb.2009.03.028
338,drug/polymer,0.417,-0.132,0.4,flurbiprofen,10.1016/j.colsurfb.2009.03.028
339,drug/polymer,0.417,-0.132,0.4,flurbiprofen,10.1016/j.colsurfb.2009.03.028
340,drug/polymer,0.417,-0.132,0.4,flurbiprofen,10.1016/j.colsurfb.2009.03.028
341,drug/polymer,0.417,-0.132,0.4,flurbiprofen,10.1016/j.colsurfb.2009.03.028
342,drug/polymer,0.417,-0.132,0.4,flurbiprofen,10.1016/j.colsurfb.2009.03.028
343,drug/polymer,0.417,-0.132,0.4,flurbiprofen,10.1016/j.colsurfb.2009.03.028
344,drug/polymer,0.417,-0.132,0.4,flurbiprofen,10.1016/j.colsurfb.2009.03.028
345,drug/polymer,0.417,-0.132,0.4,flurbiprofen,10.1016/j.colsurfb.2009.03.028
346,drug/polymer,0.417,-0.132,0.4,flurbiprofen,10.1016/j.colsurfb.2009.03.028
347,drug/polymer,0.417,-0.132,0.4,flurbiprofen,10.1016/j.colsurfb.2009.03.028
348,drug/polymer,0.417,-0.132,0.4,flurbiprofen,10.1016/j.colsurfb.2009.03.028
349,drug/polymer,0.417,-0.132,0.4,flurbiprofen,10.1016/j.colsurfb.2009.03.028
350,drug/polymer,0.417,-0.132,0.4,flurbiprofen,10.1016/j.colsurfb.2009.03.028
351,drug/polymer,0.417,-0.132,0.4,flurbiprofen,10.1016/j.colsurfb.2009.03.028
352,drug/polymer,0.417,-0.132,0.4,flurbiprofen,10.1016/j.colsurfb.2009.03.028
199,surfactant_concentration,2.34,-0.875,2.125,flurbiprofen,10.1002/jps.20685
346,surfactant_concentration,2.34,-0.875,2.125,flurbiprofen,10.1016/j.colsurfb.2009.03.028
373,surfactant_concentration,2.5,-0.875,2.125,pranoprofen,10.1002/jps.24101
137,surfactant_HLB,0.0,1.5,45.5,coumarin-6,10.1007/s00396-016-4007-3
138,surfactant_HLB,0.0,1.5,45.5,coumarin-6,10.1007/s00396-016-4007-3
139,surfactant_HLB,0.0,1.5,45.5,coumarin-6,10.1007/s00396-016-4007-3
140,surfactant_HLB,0.0,1.5,45.5,coumarin-6,10.1007/s00396-016-4007-3
141,surfactant_HLB,0.0,1.5,45.5,coumarin-6,10.1007/s00396-016-4007-3
142,surfactant_HLB,0.0,1.5,45.5,coumarin-6,10.1007/s00396-016-4007-3
143,surfactant_HLB,0.0,1.5,45.5,coumarin-6,10.1007/s00396-016-4007-3
144,surfactant_HLB,0.0,1.5,45.5,coumarin-6,10.1007/s00396-016-4007-3
145,surfactant_HLB,0.0,1.5,45.5,coumarin-6,10.1007/s00396-016-4007-3
146,surfactant_HLB,0.0,1.5,45.5,coumarin-6,10.1007/s00396-016-4007-3
147,surfactant_HLB,0.0,1.5,45.5,coumarin-6,10.1007/s00396-016-4007-3
148,surfactant_HLB,0.0,1.5,45.5,coumarin-6,10.1007/s00396-016-4007-3
149,surfactant_HLB,0.0,1.5,45.5,coumarin-6,10.1007/s00396-016-4007-3
150,surfactant_HLB,0.0,1.5,45.5,coumarin-6,10.1007/s00396-016-4007-3
165,surfactant_HLB,0.0,1.5,45.5,zinc-protoporphyrin,10.1007/s11095-014-1313-7
166,surfactant_HLB,0.0,1.5,45.5,zinc-protoporphyrin,10.1007/s11095-014-1313-7
167,surfactant_HLB,0.0,1.5,45.5,zinc-protoporphyrin,10.1007/s11095-014-1313-7
168,surfactant_HLB,0.0,1.5,45.5,zinc-protoporphyrin,10.1007/s11095-014-1313-7
169,surfactant_HLB,0.0,1.5,45.5,zinc-protoporphyrin,10.1007/s11095-014-1313-7
170,surfactant_HLB,0.0,1.5,45.5,zinc-protoporphyrin,10.1007/s11095-014-1313-7
171,surfactant_HLB,0.0,1.5,45.5,zinc-protoporphyrin,10.1007/s11095-014-1313-7
172,surfactant_HLB,0.0,1.5,45.5,zinc-protoporphyrin,10.1007/s11095-014-1313-7
173,surfactant_HLB,0.0,1.5,45.5,zinc-protoporphyrin,10.1007/s11095-014-1313-7
174,surfactant_HLB,0.0,1.5,45.5,zinc-protoporphyrin,10.1007/s11095-014-1313-7
175,surfactant_HLB,0.0,1.5,45.5,zinc-protoporphyrin,10.1007/s11095-014-1313-7
176,surfactant_HLB,0.0,1.5,45.5,zinc-protoporphyrin,10.1007/s11095-014-1313-7
177,surfactant_HLB,0.0,1.5,45.5,zinc-protoporphyrin,10.1007/s11095-014-1313-7
178,surfactant_HLB,0.0,1.5,45.5,zinc-protoporphyrin,10.1007/s11095-014-1313-7
179,surfactant_HLB,0.0,1.5,45.5,zinc-protoporphyrin,10.1007/s11095-014-1313-7
180,surfactant_HLB,0.0,1.5,45.5,zinc-protoporphyrin,10.1007/s11095-014-1313-7
181,surfactant_HLB,0.0,1.5,45.5,zinc-protoporphyrin,10.1007/s11095-014-1313-7
213,surfactant_HLB,0.0,1.5,45.5,salbutamol,10.1089/jamp.2009.0759
223,surfactant_HLB,0.0,1.5,45.5,combretastatin-A4,10.1088/2053-1591/ab63f5
224,surfactant_HLB,0.0,1.5,45.5,combretastatin-A4,10.1088/2053-1591/ab63f5
316,surfactant_HLB,0.0,1.5,45.5,methylene-blue,10.1039/c5ra27386b
328,surfactant_HLB,0.0,1.5,45.5,tretinoin,10.1166/jnn.2006.401
410,surfactant_HLB,0.0,1.5,45.5,procaine_hydrochloride,10.1016/S0168-3659(98)00116-3
411,surfactant_HLB,0.0,1.5,45.5,procaine_hydrochloride,10.1016/S0168-3659(98)00116-3
412,surfactant_HLB,0.0,1.5,45.5,procaine_hydrochloride,10.1016/S0168-3659(98)00116-3
413,surfactant_HLB,0.0,1.5,45.5,procaine_hydrochloride,10.1016/S0168-3659(98)00116-3
414,surfactant_HLB,0.0,1.5,45.5,procaine_hydrochloride,10.1016/S0168-3659(98)00116-3
415,surfactant_HLB,0.0,1.5,45.5,procaine_hydrochloride,10.1016/S0168-3659(98)00116-3
416,surfactant_HLB,0.0,1.5,45.5,procaine_hydrochloride,10.1016/S0168-3659(98)00116-3
417,surfactant_HLB,0.0,1.5,45.5,procaine_hydrochloride,10.1016/S0168-3659(98)00116-3
418,surfactant_HLB,0.0,1.5,45.5,procaine_hydrochloride,10.1016/S0168-3659(98)00116-3
419,surfactant_HLB,0.0,1.5,45.5,procaine_hydrochloride,10.1016/S0168-3659(98)00116-3
420,surfactant_HLB,0.0,1.5,45.5,procaine_dihydrate,10.1016/S0168-3659(98)00116-3
421,surfactant_HLB,0.0,1.5,45.5,procaine_dihydrate,10.1016/S0168-3659(98)00116-3
422,surfactant_HLB,0.0,1.5,45.5,procaine_dihydrate,10.1016/S0168-3659(98)00116-3
423,surfactant_HLB,0.0,1.5,45.5,procaine_dihydrate,10.1016/S0168-3659(98)00116-3
424,surfactant_HLB,0.0,1.5,45.5,procaine_dihydrate,10.1016/S0168-3659(98)00116-3
427,surfactant_HLB,0.0,1.5,45.5,oxcarbazepine,10.2147/IJN.S77498
432,surfactant_HLB,0.0,1.5,45.5,dexamethasone,10.1139/cjpp-2017-0795
61,aqueous/organic,12.5,-1.0,7.0,docetaxel,10.1039/c7bm01206c
64,aqueous/organic,10.0,-1.0,7.0,lorazepam,10.1155/2014/156010
74,aqueous/organic,10.0,-1.0,7.0,lorazepam,10.1155/2014/156010
82,aqueous/organic,10.0,-1.0,7.0,lorazepam,10.1155/2014/156010
83,aqueous/organic,10.0,-1.0,7.0,lorazepam,10.1155/2014/156010
84,aqueous/organic,10.0,-1.0,7.0,lorazepam,10.1155/2014/156010
86,aqueous/organic,10.0,-1.0,7.0,lorazepam,10.1155/2014/156010
131,aqueous/organic,16.0,-1.0,7.0,azithromycin,10.1016/j.colsurfb.2010.05.027
132,aqueous/organic,16.0,-1.0,7.0,azithromycin,10.1016/j.colsurfb.2010.05.027
133,aqueous/organic,16.0,-1.0,7.0,azithromycin,10.1016/j.colsurfb.2010.05.027
134,aqueous/organic,10.0,-1.0,7.0,rhodamine-B,10.3390/nano11030749
135,aqueous/organic,10.0,-1.0,7.0,rhodamine-B,10.3390/nano11030749
136,aqueous/organic,10.0,-1.0,7.0,rhodamine-B,10.3390/nano11030749
146,aqueous/organic,10.0,-1.0,7.0,coumarin-6,10.1007/s00396-016-4007-3
151,aqueous/organic,10.0,-1.0,7.0,itraconazole,10.2147/IJN.S54040
152,aqueous/organic,10.0,-1.0,7.0,itraconazole,10.2147/IJN.S54040
153,aqueous/organic,10.0,-1.0,7.0,itraconazole,10.2147/IJN.S54040
156,aqueous/organic,10.0,-1.0,7.0,finasteride,10.1177/0883911520913906
157,aqueous/organic,10.0,-1.0,7.0,finasteride,10.1177/0883911520913906
158,aqueous/organic,10.0,-1.0,7.0,finasteride,10.1177/0883911520913906
159,aqueous/organic,10.0,-1.0,7.0,finasteride,10.1177/0883911520913906
160,aqueous/organic,10.0,-1.0,7.0,finasteride,10.1177/0883911520913906
161,aqueous/organic,10.0,-1.0,7.0,finasteride,10.1177/0883911520913906
162,aqueous/organic,10.0,-1.0,7.0,finasteride,10.1177/0883911520913906
163,aqueous/organic,10.0,-1.0,7.0,finasteride,10.1177/0883911520913906
164,aqueous/organic,10.0,-1.0,7.0,finasteride,10.1177/0883911520913906
166,aqueous/organic,40.0,-1.0,7.0,zinc-protoporphyrin,10.1007/s11095-014-1313-7
167,aqueous/organic,22.5,-1.0,7.0,zinc-protoporphyrin,10.1007/s11095-014-1313-7
168,aqueous/organic,22.5,-1.0,7.0,zinc-protoporphyrin,10.1007/s11095-014-1313-7
169,aqueous/organic,22.5,-1.0,7.0,zinc-protoporphyrin,10.1007/s11095-014-1313-7
170,aqueous/organic,22.5,-1.0,7.0,zinc-protoporphyrin,10.1007/s11095-014-1313-7
171,aqueous/organic,40.0,-1.0,7.0,zinc-protoporphyrin,10.1007/s11095-014-1313-7
172,aqueous/organic,40.0,-1.0,7.0,zinc-protoporphyrin,10.1007/s11095-014-1313-7
173,aqueous/organic,40.0,-1.0,7.0,zinc-protoporphyrin,10.1007/s11095-014-1313-7
175,aqueous/organic,22.5,-1.0,7.0,zinc-protoporphyrin,10.1007/s11095-014-1313-7
176,aqueous/organic,22.5,-1.0,7.0,zinc-protoporphyrin,10.1007/s11095-014-1313-7
177,aqueous/organic,22.5,-1.0,7.0,zinc-protoporphyrin,10.1007/s11095-014-1313-7
178,aqueous/organic,22.5,-1.0,7.0,zinc-protoporphyrin,10.1007/s11095-014-1313-7
180,aqueous/organic,22.5,-1.0,7.0,zinc-protoporphyrin,10.1007/s11095-014-1313-7
210,aqueous/organic,7.5,-1.0,7.0,atractylodin,10.1111/1440-1681.13433
219,aqueous/organic,10.0,-1.0,7.0,ketoprofen ,10.1016/j.colsurfb.2019.01.012
220,aqueous/organic,10.0,-1.0,7.0,dl-α-tocopherol,10.1016/j.colsurfb.2019.01.012
221,aqueous/organic,10.0,-1.0,7.0,ketoprofen ,10.1016/j.colsurfb.2019.01.012
222,aqueous/organic,10.0,-1.0,7.0,dl-α-tocopherol,10.1016/j.colsurfb.2019.01.012
225,aqueous/organic,10.0,-1.0,7.0,methyl-4-hydroxybenzoate,10.1016/j.jddst.2019.01.010
226,aqueous/organic,10.0,-1.0,7.0,ethyl-4-hydroxybenzoate,10.1016/j.jddst.2019.01.010
227,aqueous/organic,10.0,-1.0,7.0,propyl-4-hydroxybenzoate,10.1016/j.jddst.2019.01.010
228,aqueous/organic,10.0,-1.0,7.0,butyl-4-hydroxybenzoate,10.1016/j.jddst.2019.01.010
229,aqueous/organic,10.0,-1.0,7.0,heptyl-4-hydroxybenzoate,10.1016/j.jddst.2019.01.010
230,aqueous/organic,10.0,-1.0,7.0,octyl-4-hydroxybenzoate,10.1016/j.jddst.2019.01.010
231,aqueous/organic,10.0,-1.0,7.0,diosgenin,10.1016/j.jddst.2022.103743
232,aqueous/organic,10.0,-1.0,7.0,diosgenin,10.1016/j.jddst.2022.103743
233,aqueous/organic,10.0,-1.0,7.0,diosgenin,10.1016/j.jddst.2022.103743
260,aqueous/organic,10.0,-1.0,7.0,rapamycin,10.3109/10717544.2015.1039667
261,aqueous/organic,10.0,-1.0,7.0,piperine,10.3109/10717544.2015.1039667
381,aqueous/organic,20.0,-1.0,7.0,efavirenz,10.1021/acsami.8b12214
425,aqueous/organic,20.0,-1.0,7.0,paclitaxel,10.1016/j.colsurfb.2014.07.030
429,aqueous/organic,10.0,-1.0,7.0,kartogenin,10.1007/s10439-019-02430-x
430,aqueous/organic,10.0,-1.0,7.0,cisplatin,10.1016/j.jsps.2021.07.001
31,pH,1.0,0.0,0.0,rivastigmine-tartrate,10.1016/j.ejpb.2010.07.007
32,pH,1.0,0.0,0.0,rivastigmine-tartrate,10.1016/j.ejpb.2010.07.007
33,pH,1.0,0.0,0.0,rivastigmine-tartrate,10.1016/j.ejpb.2010.07.007
34,pH,1.0,0.0,0.0,rivastigmine-tartrate,10.1016/j.ejpb.2010.07.007
35,pH,1.0,0.0,0.0,rivastigmine-tartrate,10.1016/j.ejpb.2010.07.007
36,pH,1.0,0.0,0.0,rivastigmine-tartrate,10.1016/j.ejpb.2010.07.007
37,pH,1.0,0.0,0.0,rivastigmine-tartrate,10.1016/j.ejpb.2010.07.007
38,pH,1.0,0.0,0.0,rivastigmine-tartrate,10.1016/j.ejpb.2010.07.007
39,pH,1.0,0.0,0.0,rivastigmine-tartrate,10.1016/j.ejpb.2010.07.007
40,pH,1.0,0.0,0.0,rivastigmine-tartrate,10.1016/j.ejpb.2010.07.007
41,pH,1.0,0.0,0.0,rivastigmine-tartrate,10.1016/j.ejpb.2010.07.007
42,pH,1.0,0.0,0.0,rivastigmine-tartrate,10.1016/j.ejpb.2010.07.007
43,pH,1.0,0.0,0.0,rivastigmine-tartrate,10.1016/j.ejpb.2010.07.007
44,pH,1.0,0.0,0.0,rivastigmine-tartrate,10.1016/j.ejpb.2010.07.007
45,pH,1.0,0.0,0.0,rivastigmine-tartrate,10.1016/j.ejpb.2010.07.007
46,pH,1.0,0.0,0.0,rivastigmine-tartrate,10.1016/j.ejpb.2010.07.007
47,pH,1.0,0.0,0.0,rivastigmine-tartrate,10.1016/j.ejpb.2010.07.007
48,pH,1.0,0.0,0.0,rivastigmine-tartrate,10.1016/j.ejpb.2010.07.007
49,pH,1.0,0.0,0.0,rivastigmine-tartrate,10.1016/j.ejpb.2010.07.007
50,pH,1.0,0.0,0.0,rivastigmine-tartrate,10.1016/j.ejpb.2010.07.007
51,pH,1.0,0.0,0.0,rivastigmine-tartrate,10.1016/j.ejpb.2010.07.007
52,pH,1.0,0.0,0.0,rivastigmine-tartrate,10.1016/j.ejpb.2010.07.007
53,pH,1.0,0.0,0.0,rivastigmine-tartrate,10.1016/j.ejpb.2010.07.007
54,pH,1.0,0.0,0.0,rivastigmine-tartrate,10.1016/j.ejpb.2010.07.007
55,pH,1.0,0.0,0.0,rivastigmine-tartrate,10.1016/j.ejpb.2010.07.007
56,pH,1.0,0.0,0.0,rivastigmine-tartrate,10.1016/j.ejpb.2010.07.007
57,pH,1.0,0.0,0.0,rivastigmine-tartrate,10.1016/j.ejpb.2010.07.007
58,pH,-2.0,0.0,0.0,flurbiprofen,10.1002/jps.21383
59,pH,-2.0,0.0,0.0,flurbiprofen,10.1002/jps.21383
60,pH,-2.0,0.0,0.0,flurbiprofen,10.1002/jps.21383
88,pH,-2.0,0.0,0.0,rubitecan,10.1016/j.ejpb.2006.09.004
187,pH,-2.0,0.0,0.0,flurbiprofen,10.1002/jps.20685
188,pH,-1.0,0.0,0.0,flurbiprofen,10.1002/jps.20685
189,pH,-2.0,0.0,0.0,flurbiprofen,10.1002/jps.20685
190,pH,-1.0,0.0,0.0,flurbiprofen,10.1002/jps.20685
191,pH,-1.0,0.0,0.0,flurbiprofen,10.1002/jps.20685
192,pH,-1.0,0.0,0.0,flurbiprofen,10.1002/jps.20685
193,pH,-2.0,0.0,0.0,flurbiprofen,10.1002/jps.20685
194,pH,-1.0,0.0,0.0,flurbiprofen,10.1002/jps.20685
196,pH,-2.0,0.0,0.0,flurbiprofen,10.1002/jps.20685
197,pH,-1.0,0.0,0.0,flurbiprofen,10.1002/jps.20685
198,pH,-1.0,0.0,0.0,flurbiprofen,10.1002/jps.20685
199,pH,-1.0,0.0,0.0,flurbiprofen,10.1002/jps.20685
200,pH,-1.0,0.0,0.0,flurbiprofen,10.1002/jps.20685
201,pH,-1.0,0.0,0.0,flurbiprofen,10.1002/jps.20685
202,pH,-1.0,0.0,0.0,flurbiprofen,10.1002/jps.20685
319,pH,-2.0,0.0,0.0,dexibuprofen,10.3390/nano10040720
320,pH,-2.0,0.0,0.0,dexibuprofen,10.3390/nano10040720
321,pH,-2.0,0.0,0.0,dexibuprofen,10.3390/nano10040720
336,pH,-2.0,0.0,0.0,flurbiprofen,10.1016/j.colsurfb.2009.03.028
337,pH,-2.0,0.0,0.0,flurbiprofen,10.1016/j.colsurfb.2009.03.028
338,pH,-2.0,0.0,0.0,flurbiprofen,10.1016/j.colsurfb.2009.03.028
339,pH,-2.0,0.0,0.0,flurbiprofen,10.1016/j.colsurfb.2009.03.028
340,pH,-1.0,0.0,0.0,flurbiprofen,10.1016/j.colsurfb.2009.03.028
341,pH,-1.0,0.0,0.0,flurbiprofen,10.1016/j.colsurfb.2009.03.028
342,pH,-1.0,0.0,0.0,flurbiprofen,10.1016/j.colsurfb.2009.03.028
343,pH,-1.0,0.0,0.0,flurbiprofen,10.1016/j.colsurfb.2009.03.028
344,pH,-1.0,0.0,0.0,flurbiprofen,10.1016/j.colsurfb.2009.03.028
345,pH,-1.0,0.0,0.0,flurbiprofen,10.1016/j.colsurfb.2009.03.028
346,pH,-1.0,0.0,0.0,flurbiprofen,10.1016/j.colsurfb.2009.03.028
347,pH,-1.0,0.0,0.0,flurbiprofen,10.1016/j.colsurfb.2009.03.028
349,pH,-2.0,0.0,0.0,flurbiprofen,10.1016/j.colsurfb.2009.03.028
350,pH,-1.0,0.0,0.0,flurbiprofen,10.1016/j.colsurfb.2009.03.028
351,pH,-1.0,0.0,0.0,flurbiprofen,10.1016/j.colsurfb.2009.03.028
352,pH,-2.0,0.0,0.0,flurbiprofen,10.1016/j.colsurfb.2009.03.028
355,pH,-2.0,0.0,0.0,pranoprofen,10.1002/jps.24101
356,pH,-2.0,0.0,0.0,pranoprofen,10.1002/jps.24101
357,pH,-2.0,0.0,0.0,pranoprofen,10.1002/jps.24101
358,pH,-2.0,0.0,0.0,pranoprofen,10.1002/jps.24101
359,pH,-2.0,0.0,0.0,pranoprofen,10.1002/jps.24101
360,pH,-2.0,0.0,0.0,pranoprofen,10.1002/jps.24101
361,pH,-2.0,0.0,0.0,pranoprofen,10.1002/jps.24101
362,pH,-2.0,0.0,0.0,pranoprofen,10.1002/jps.24101
363,pH,-1.0,0.0,0.0,pranoprofen,10.1002/jps.24101
364,pH,-1.0,0.0,0.0,pranoprofen,10.1002/jps.24101
365,pH,-1.0,0.0,0.0,pranoprofen,10.1002/jps.24101
366,pH,-1.0,0.0,0.0,pranoprofen,10.1002/jps.24101
367,pH,-1.0,0.0,0.0,pranoprofen,10.1002/jps.24101
368,pH,-1.0,0.0,0.0,pranoprofen,10.1002/jps.24101
369,pH,-1.0,0.0,0.0,pranoprofen,10.1002/jps.24101
370,pH,-1.0,0.0,0.0,pranoprofen,10.1002/jps.24101
371,pH,-1.0,0.0,0.0,pranoprofen,10.1002/jps.24101
372,pH,-1.0,0.0,0.0,pranoprofen,10.1002/jps.24101
373,pH,-1.0,0.0,0.0,pranoprofen,10.1002/jps.24101
374,pH,-1.0,0.0,0.0,pranoprofen,10.1002/jps.24101
375,pH,-1.0,0.0,0.0,pranoprofen,10.1002/jps.24101
376,pH,-1.0,0.0,0.0,pranoprofen,10.1002/jps.24101
378,pH,-2.0,0.0,0.0,pranoprofen,10.1002/jps.24101
379,pH,-1.0,0.0,0.0,pranoprofen,10.1002/jps.24101
380,pH,-1.0,0.0,0.0,pranoprofen,10.1002/jps.24101
410,pH,-1.0,0.0,0.0,procaine_hydrochloride,10.1016/S0168-3659(98)00116-3
411,pH,-1.0,0.0,0.0,procaine_hydrochloride,10.1016/S0168-3659(98)00116-3
412,pH,-1.0,0.0,0.0,procaine_hydrochloride,10.1016/S0168-3659(98)00116-3
413,pH,-1.0,0.0,0.0,procaine_hydrochloride,10.1016/S0168-3659(98)00116-3
414,pH,-1.0,0.0,0.0,procaine_hydrochloride,10.1016/S0168-3659(98)00116-3
415,pH,1.0,0.0,0.0,procaine_hydrochloride,10.1016/S0168-3659(98)00116-3
416,pH,1.0,0.0,0.0,procaine_hydrochloride,10.1016/S0168-3659(98)00116-3
417,pH,1.0,0.0,0.0,procaine_hydrochloride,10.1016/S0168-3659(98)00116-3
418,pH,1.0,0.0,0.0,procaine_hydrochloride,10.1016/S0168-3659(98)00116-3
419,pH,1.0,0.0,0.0,procaine_hydrochloride,10.1016/S0168-3659(98)00116-3
420,pH,-1.0,0.0,0.0,procaine_dihydrate,10.1016/S0168-3659(98)00116-3
421,pH,-1.0,0.0,0.0,procaine_dihydrate,10.1016/S0168-3659(98)00116-3
422,pH,-1.0,0.0,0.0,procaine_dihydrate,10.1016/S0168-3659(98)00116-3
423,pH,-1.0,0.0,0.0,procaine_dihydrate,10.1016/S0168-3659(98)00116-3
424,pH,-1.0,0.0,0.0,procaine_dihydrate,10.1016/S0168-3659(98)00116-3
432,pH,1.0,0.0,0.0,dexamethasone,10.1139/cjpp-2017-0795
138,solvent_polarity_index,4.0,5.1,5.1,coumarin-6,10.1007/s00396-016-4007-3
140,solvent_polarity_index,4.0,5.1,5.1,coumarin-6,10.1007/s00396-016-4007-3
142,solvent_polarity_index,4.0,5.1,5.1,coumarin-6,10.1007/s00396-016-4007-3
156,solvent_polarity_index,5.8,5.1,5.1,finasteride,10.1177/0883911520913906
157,solvent_polarity_index,5.8,5.1,5.1,finasteride,10.1177/0883911520913906
158,solvent_polarity_index,5.8,5.1,5.1,finasteride,10.1177/0883911520913906
159,solvent_polarity_index,5.8,5.1,5.1,finasteride,10.1177/0883911520913906
160,solvent_polarity_index,5.8,5.1,5.1,finasteride,10.1177/0883911520913906
161,solvent_polarity_index,5.8,5.1,5.1,finasteride,10.1177/0883911520913906
162,solvent_polarity_index,5.8,5.1,5.1,finasteride,10.1177/0883911520913906
163,solvent_polarity_index,5.8,5.1,5.1,finasteride,10.1177/0883911520913906
164,solvent_polarity_index,5.8,5.1,5.1,finasteride,10.1177/0883911520913906
165,solvent_polarity_index,7.2,5.1,5.1,zinc-protoporphyrin,10.1007/s11095-014-1313-7
166,solvent_polarity_index,7.2,5.1,5.1,zinc-protoporphyrin,10.1007/s11095-014-1313-7
167,solvent_polarity_index,7.2,5.1,5.1,zinc-protoporphyrin,10.1007/s11095-014-1313-7
168,solvent_polarity_index,7.2,5.1,5.1,zinc-protoporphyrin,10.1007/s11095-014-1313-7
169,solvent_polarity_index,7.2,5.1,5.1,zinc-protoporphyrin,10.1007/s11095-014-1313-7
170,solvent_polarity_index,7.2,5.1,5.1,zinc-protoporphyrin,10.1007/s11095-014-1313-7
171,solvent_polarity_index,7.2,5.1,5.1,zinc-protoporphyrin,10.1007/s11095-014-1313-7
172,solvent_polarity_index,7.2,5.1,5.1,zinc-protoporphyrin,10.1007/s11095-014-1313-7
173,solvent_polarity_index,7.2,5.1,5.1,zinc-protoporphyrin,10.1007/s11095-014-1313-7
174,solvent_polarity_index,7.2,5.1,5.1,zinc-protoporphyrin,10.1007/s11095-014-1313-7
175,solvent_polarity_index,7.2,5.1,5.1,zinc-protoporphyrin,10.1007/s11095-014-1313-7
176,solvent_polarity_index,7.2,5.1,5.1,zinc-protoporphyrin,10.1007/s11095-014-1313-7
177,solvent_polarity_index,7.2,5.1,5.1,zinc-protoporphyrin,10.1007/s11095-014-1313-7
178,solvent_polarity_index,7.2,5.1,5.1,zinc-protoporphyrin,10.1007/s11095-014-1313-7
179,solvent_polarity_index,7.2,5.1,5.1,zinc-protoporphyrin,10.1007/s11095-014-1313-7
180,solvent_polarity_index,7.2,5.1,5.1,zinc-protoporphyrin,10.1007/s11095-014-1313-7
181,solvent_polarity_index,7.2,5.1,5.1,zinc-protoporphyrin,10.1007/s11095-014-1313-7
225,solvent_polarity_index,4.0,5.1,5.1,methyl-4-hydroxybenzoate,10.1016/j.jddst.2019.01.010
226,solvent_polarity_index,4.0,5.1,5.1,ethyl-4-hydroxybenzoate,10.1016/j.jddst.2019.01.010
227,solvent_polarity_index,4.0,5.1,5.1,propyl-4-hydroxybenzoate,10.1016/j.jddst.2019.01.010
228,solvent_polarity_index,4.0,5.1,5.1,butyl-4-hydroxybenzoate,10.1016/j.jddst.2019.01.010
229,solvent_polarity_index,4.0,5.1,5.1,heptyl-4-hydroxybenzoate,10.1016/j.jddst.2019.01.010
230,solvent_polarity_index,4.0,5.1,5.1,octyl-4-hydroxybenzoate,10.1016/j.jddst.2019.01.010
231,solvent_polarity_index,5.8,5.1,5.1,diosgenin,10.1016/j.jddst.2022.103743
232,solvent_polarity_index,5.8,5.1,5.1,diosgenin,10.1016/j.jddst.2022.103743
233,solvent_polarity_index,5.8,5.1,5.1,diosgenin,10.1016/j.jddst.2022.103743
410,solvent_polarity_index,5.8,5.1,5.1,procaine_hydrochloride,10.1016/S0168-3659(98)00116-3
411,solvent_polarity_index,5.8,5.1,5.1,procaine_hydrochloride,10.1016/S0168-3659(98)00116-3
412,solvent_polarity_index,5.8,5.1,5.1,procaine_hydrochloride,10.1016/S0168-3659(98)00116-3
413,solvent_polarity_index,5.8,5.1,5.1,procaine_hydrochloride,10.1016/S0168-3659(98)00116-3
414,solvent_polarity_index,5.8,5.1,5.1,procaine_hydrochloride,10.1016/S0168-3659(98)00116-3
415,solvent_polarity_index,5.8,5.1,5.1,procaine_hydrochloride,10.1016/S0168-3659(98)00116-3
416,solvent_polarity_index,5.8,5.1,5.1,procaine_hydrochloride,10.1016/S0168-3659(98)00116-3
417,solvent_polarity_index,5.8,5.1,5.1,procaine_hydrochloride,10.1016/S0168-3659(98)00116-3
418,solvent_polarity_index,5.8,5.1,5.1,procaine_hydrochloride,10.1016/S0168-3659(98)00116-3
419,solvent_polarity_index,5.8,5.1,5.1,procaine_hydrochloride,10.1016/S0168-3659(98)00116-3
420,solvent_polarity_index,5.8,5.1,5.1,procaine_dihydrate,10.1016/S0168-3659(98)00116-3
421,solvent_polarity_index,5.8,5.1,5.1,procaine_dihydrate,10.1016/S0168-3659(98)00116-3
422,solvent_polarity_index,5.8,5.1,5.1,procaine_dihydrate,10.1016/S0168-3659(98)00116-3
423,solvent_polarity_index,5.8,5.1,5.1,procaine_dihydrate,10.1016/S0168-3659(98)00116-3
424,solvent_polarity_index,5.8,5.1,5.1,procaine_dihydrate,10.1016/S0168-3659(98)00116-3
429,solvent_polarity_index,5.8,5.1,5.1,kartogenin,10.1007/s10439-019-02430-x
430,solvent_polarity_index,7.2,5.1,5.1,cisplatin,10.1016/j.jsps.2021.07.001
16,particle_size,337.0,28.8,319.2,diazepam,10.1208/s12249-015-0294-0
124,particle_size,331.6,28.8,319.2,ropinirole-hydrochloride,10.1080/09205063.2013.798880
156,particle_size,355.68,28.8,319.2,finasteride,10.1177/0883911520913906
157,particle_size,575.97,28.8,319.2,finasteride,10.1177/0883911520913906
158,particle_size,1012.04,28.8,319.2,finasteride,10.1177/0883911520913906
161,particle_size,365.62,28.8,319.2,finasteride,10.1177/0883911520913906
162,particle_size,503.59,28.8,319.2,finasteride,10.1177/0883911520913906
163,particle_size,447.96,28.8,319.2,finasteride,10.1177/0883911520913906
164,particle_size,398.95,28.8,319.2,finasteride,10.1177/0883911520913906
233,particle_size,346.6,28.8,319.2,diosgenin,10.1016/j.jddst.2022.103743
355,particle_size,566.5,28.8,319.2,pranoprofen,10.1002/jps.24101
356,particle_size,597.6,28.8,319.2,pranoprofen,10.1002/jps.24101
357,particle_size,605.0,28.8,319.2,pranoprofen,10.1002/jps.24101
358,particle_size,611.2,28.8,319.2,pranoprofen,10.1002/jps.24101
359,particle_size,539.0,28.8,319.2,pranoprofen,10.1002/jps.24101
360,particle_size,532.1,28.8,319.2,pranoprofen,10.1002/jps.24101
361,particle_size,784.3,28.8,319.2,pranoprofen,10.1002/jps.24101
362,particle_size,641.5,28.8,319.2,pranoprofen,10.1002/jps.24101
363,particle_size,348.3,28.8,319.2,pranoprofen,10.1002/jps.24101
365,particle_size,324.3,28.8,319.2,pranoprofen,10.1002/jps.24101
367,particle_size,408.9,28.8,319.2,pranoprofen,10.1002/jps.24101
369,particle_size,327.6,28.8,319.2,pranoprofen,10.1002/jps.24101
371,particle_size,433.9,28.8,319.2,pranoprofen,10.1002/jps.24101
372,particle_size,326.7,28.8,319.2,pranoprofen,10.1002/jps.24101
373,particle_size,368.2,28.8,319.2,pranoprofen,10.1002/jps.24101
374,particle_size,343.8,28.8,319.2,pranoprofen,10.1002/jps.24101
375,particle_size,421.0,28.8,319.2,pranoprofen,10.1002/jps.24101
376,particle_size,340.4,28.8,319.2,pranoprofen,10.1002/jps.24101
377,particle_size,321.4,28.8,319.2,pranoprofen,10.1002/jps.24101
378,particle_size,611.8,28.8,319.2,pranoprofen,10.1002/jps.24101
379,particle_size,354.6,28.8,319.2,pranoprofen,10.1002/jps.24101
380,particle_size,357.8,28.8,319.2,pranoprofen,10.1002/jps.24101
424,particle_size,20.2,28.8,319.2,procaine_dihydrate,10.1016/S0168-3659(98)00116-3
141,EE,3.8,5.89,129.65,coumarin-6,10.1007/s00396-016-4007-3
203,EE,4.91,5.89,129.65,5-fluorouracil,10.1016/j.ijpharm.2016.11.012
212,EE,5.4,5.89,129.65,ropinirole,10.1016/j.ijpharm.2020.119776
225,EE,0.3,5.89,129.65,methyl-4-hydroxybenzoate,10.1016/j.jddst.2019.01.010
226,EE,1.3,5.89,129.65,ethyl-4-hydroxybenzoate,10.1016/j.jddst.2019.01.010
227,EE,2.2,5.89,129.65,propyl-4-hydroxybenzoate,10.1016/j.jddst.2019.01.010
228,EE,4.9,5.89,129.65,butyl-4-hydroxybenzoate,10.1016/j.jddst.2019.01.010
316,EE,3.12,5.89,129.65,methylene-blue,10.1039/c5ra27386b
372,EE,0.0,5.89,129.65,pranoprofen,10.1002/jps.24101
10,LC,29.58,-7.78,22.62,diazepam,10.1208/s12249-015-0294-0
58,LC,28.27,-7.78,22.62,flurbiprofen,10.1002/jps.21383
67,LC,29.45,-7.78,22.62,lorazepam,10.1155/2014/156010
107,LC,27.18,-7.78,22.62,lopinavir,10.1080/10717544.2016.1199605
108,LC,26.77,-7.78,22.62,lopinavir,10.1080/10717544.2016.1199605
109,LC,25.95,-7.78,22.62,lopinavir,10.1080/10717544.2016.1199605
132,LC,25.04,-7.78,22.62,azithromycin,10.1016/j.colsurfb.2010.05.027
133,LC,33.55,-7.78,22.62,azithromycin,10.1016/j.colsurfb.2010.05.027
189,LC,28.27,-7.78,22.62,flurbiprofen,10.1002/jps.20685
190,LC,26.67,-7.78,22.62,flurbiprofen,10.1002/jps.20685
193,LC,28.05,-7.78,22.62,flurbiprofen,10.1002/jps.20685
194,LC,27.14,-7.78,22.62,flurbiprofen,10.1002/jps.20685
197,LC,31.18,-7.78,22.62,flurbiprofen,10.1002/jps.20685
220,LC,30.62,-7.78,22.62,dl-α-tocopherol,10.1016/j.colsurfb.2019.01.012
222,LC,31.1,-7.78,22.62,dl-α-tocopherol,10.1016/j.colsurfb.2019.01.012
327,LC,36.51,-7.78,22.62,paeonol,10.1016/j.ijpharm.2021.120617
336,LC,24.14,-7.78,22.62,flurbiprofen,10.1016/j.colsurfb.2009.03.028
337,LC,28.94,-7.78,22.62,flurbiprofen,10.1016/j.colsurfb.2009.03.028
338,LC,24.38,-7.78,22.62,flurbiprofen,10.1016/j.colsurfb.2009.03.028
339,LC,26.63,-7.78,22.62,flurbiprofen,10.1016/j.colsurfb.2009.03.028
341,LC,24.47,-7.78,22.62,flurbiprofen,10.1016/j.colsurfb.2009.03.028
343,LC,23.66,-7.78,22.62,flurbiprofen,10.1016/j.colsurfb.2009.03.028
344,LC,26.19,-7.78,22.62,flurbiprofen,10.1016/j.colsurfb.2009.03.028
349,LC,25.59,-7.78,22.62,flurbiprofen,10.1016/j.colsurfb.2009.03.028
352,LC,28.27,-7.78,22.62,flurbiprofen,10.1016/j.colsurfb.2009.03.028
