row_id,small_molecule_name,drug_key,drug_group,reference,surfactant_name,solvent,EE_is_zero,EE,mol_MW,mol_logP,mol_TPSA,mol_melting_point,mol_Hacceptors,mol_Hdonors,mol_heteroatoms,polymer_MW,drug/polymer,surfactant_concentration,aqueous/organic,surfactant_HLB,solvent_polarity_index,pH,LA/GA,pH_cat,LAGA_cat
0,sparfloxacin,sparfloxacin,sparfloxacin,10.1016/j.nano.2009.10.004,PVA,acetone,False,25.18,392.41,2.08,100.59,267.5,6,3,9,14.0,1.0,1.5,4.0,18.0,5.1,0.0,1.0,0,1
1,sparfloxacin,sparfloxacin,sparfloxacin,10.1016/j.nano.2009.10.004,PVA,acetone,False,44.83,392.41,2.08,100.59,267.5,6,3,9,14.0,0.5,1.5,4.0,18.0,5.1,0.0,1.0,0,1
2,sparfloxacin,sparfloxacin,sparfloxacin,10.1016/j.nano.2009.10.004,PVA,acetone,False,51.83,392.41,2.08,100.59,267.5,6,3,9,14.0,0.2,1.5,4.0,18.0,5.1,0.0,1.0,0,1
3,sparfloxacin,sparfloxacin,sparfloxacin,10.1016/j.nano.2009.10.004,PVA,acetone,False,86.6,392.41,2.08,100.59,267.5,6,3,9,14.0,0.1,1.5,4.0,18.0,5.1,0.0,1.0,0,1
4,sparfloxacin,sparfloxacin,sparfloxacin,10.1016/j.nano.2009.10.004,PVA,acetone,False,60.6,392.41,2.08,100.59,267.5,6,3,9,14.0,0.05,1.5,4.0,18.0,5.1,0.0,1.0,0,1
5,diazepam,diazepam,diazepam,10.1208/s12249-015-0294-0,poloxamer407,acetone,False,82.0,284.75,3.15,32.67,132.0,2,0,4,45.0,0.029,0.2,4.0,20.5,5.1,0.0,1.0,0,1
6,diazepam,diazepam,diazepam,10.1208/s12249-015-0294-0,poloxamer407,acetone,False,88.0,284.75,3.15,32.67,132.0,2,0,4,45.0,0.143,0.2,4.0,20.5,5.1,0.0,1.0,0,1
7,diazepam,diazepam,diazepam,10.1208/s12249-015-0294-0,poloxamer407,acetone,False,77.0,284.75,3.15,32.67,132.0,2,0,4,45.0,0.3,0.85,6.0,20.5,5.1,0.0,1.0,0,1
8,diazepam,diazepam,diazepam,10.1208/s12249-015-0294-0,poloxamer407,acetone,False,81.0,284.75,3.15,32.67,132.0,2,0,4,45.0,0.029,0.85,2.0,20.5,5.1,0.0,1.0,0,1
9,diazepam,diazepam,diazepam,10.1208/s12249-015-0294-0,poloxamer407,acetone,False,82.0,284.75,3.15,32.67,132.0,2,0,4,45.0,0.3,0.2,4.0,20.5,5.1,0.0,1.0,0,1
10,diazepam,diazepam,diazepam,10.1208/s12249-015-0294-0,poloxamer407,acetone,False,84.0,284.75,3.15,32.67,132.0,2,0,4,45.0,0.5,0.85,4.0,20.5,5.1,0.0,1.0,0,1
11,diazepam,diazepam,diazepam,10.1208/s12249-015-0294-0,poloxamer407,acetone,False,82.0,284.75,3.15,32.67,132.0,2,0,4,45.0,0.3,0.85,2.0,20.5,5.1,0.0,1.0,0,1
12,diazepam,diazepam,diazepam,10.1208/s12249-015-0294-0,poloxamer407,acetone,False,84.0,284.75,3.15,32.67,132.0,2,0,4,45.0,0.086,0.85,4.0,20.5,5.1,0.0,1.0,0,1
13,diazepam,diazepam,diazepam,10.1208/s12249-015-0294-0,poloxamer407,acetone,False,87.0,284.75,3.15,32.67,132.0,2,0,4,45.0,0.017,0.85,4.0,20.5,5.1,0.0,1.0,0,1
14,diazepam,diazepam,diazepam,10.1208/s12249-015-0294-0,poloxamer407,acetone,False,86.0,284.75,3.15,32.67,132.0,2,0,4,45.0,0.143,1.5,4.0,20.5,5.1,0.0,1.0,0,1
15,diazepam,diazepam,diazepam,10.1208/s12249-015-0294-0,poloxamer407,acetone,False,79.0,284.75,3.15,32.67,132.0,2,0,4,45.0,0.3,1.5,4.0,20.5,5.1,0.0,1.0,0,1
16,diazepam,diazepam,diazepam,10.1208/s12249-015-0294-0,poloxamer407,acetone,False,92.0,284.75,3.15,32.67,132.0,2,0,4,45.0,0.05,0.2,4.0,20.5,5.1,0.0,1.0,0,1
17,diazepam,diazepam,diazepam,10.1208/s12249-015-0294-0,poloxamer407,acetone,False,85.0,284.75,3.15,32.67,132.0,2,0,4,45.0,0.086,1.5,6.0,20.5,5.1,0.0,1.0,0,1
18,diazepam,diazepam,diazepam,10.1208/s12249-015-0294-0,poloxamer407,acetone,False,86.0,284.75,3.15,32.67,132.0,2,0,4,45.0,0.05,1.5,4.0,20.5,5.1,0.0,1.0,0,1
19,diazepam,diazepam,diazepam,10.1208/s12249-015-0294-0,poloxamer407,acetone,False,88.0,284.75,3.15,32.67,132.0,2,0,4,45.0,0.05,0.85,2.0,20.5,5.1,0.0,1.0,0,1
20,diazepam,diazepam,diazepam,10.1208/s12249-015-0294-0,poloxamer407,acetone,False,76.0,284.75,3.15,32.67,132.0,2,0,4,45.0,0.029,1.5,4.0,20.5,5.1,0.0,1.0,0,1
21,diazepam,diazepam,diazepam,10.1208/s12249-015-0294-0,poloxamer407,acetone,False,89.0,284.75,3.15,32.67,132.0,2,0,4,45.0,0.086,0.2,2.0,20.5,5.1,0.0,1.0,0,1
22,diazepam,diazepam,diazepam,10.1208/s12249-015-0294-0,poloxamer407,acetone,False,92.0,284.75,3.15,32.67,132.0,2,0,4,45.0,0.083,0.85,4.0,20.5,5.1,0.0,1.0,0,1
23,diazepam,diazepam,diazepam,10.1208/s12249-015-0294-0,poloxamer407,acetone,False,87.0,284.75,3.15,32.67,132.0,2,0,4,45.0,0.143,0.85,2.0,20.5,5.1,0.0,1.0,0,1
24,diazepam,diazepam,diazepam,10.1208/s12249-015-0294-0,poloxamer407,acetone,False,69.0,284.75,3.15,32.67,132.0,2,0,4,45.0,0.1,0.85,4.0,20.5,5.1,0.0,1.0,0,1
25,diazepam,diazepam,diazepam,10.1208/s12249-015-0294-0,poloxamer407,acetone,False,73.0,284.75,3.15,32.67,132.0,2,0,4,45.0,0.029,0.85,6.0,20.5,5.1,0.0,1.0,0,1
26,diazepam,diazepam,diazepam,10.1208/s12249-015-0294-0,poloxamer407,acetone,False,91.0,284.75,3.15,32.67,132.0,2,0,4,45.0,0.086,0.2,6.0,20.5,5.1,0.0,1.0,0,1
27,diazepam,diazepam,diazepam,10.1208/s12249-015-0294-0,poloxamer407,acetone,False,89.0,284.75,3.15,32.67,132.0,2,0,4,45.0,0.143,0.85,6.0,20.5,5.1,0.0,1.0,0,1
28,diazepam,diazepam,diazepam,10.1208/s12249-015-0294-0,poloxamer407,acetone,False,88.0,284.75,3.15,32.67,132.0,2,0,4,45.0,0.086,1.5,2.0,20.5,5.1,0.0,1.0,0,1
29,diazepam,diazepam,diazepam,10.1208/s12249-015-0294-0,poloxamer407,acetone,False,91.0,284.75,3.15,32.67,132.0,2,0,4,45.0,0.05,0.85,6.0,20.5,5.1,0.0,1.0,0,1
31,rivastigmine-tartrate,rivastigmine-tartrate,rivastigmine,10.1016/j.ejpb.2010.07.007,poloxamer407,acetone,False,71.53,400.43,0.64,147.84,123.5,7,4,10,12.0,0.3,0.5,4.0,20.5,5.1,1.0,1.0,1,1
32,rivastigmine-tartrate,rivastigmine-tartrate,rivastigmine,10.1016/j.ejpb.2010.07.007,poloxamer407,acetone,False,69.86,400.43,0.64,147.84,123.5,7,4,10,12.0,0.3,0.5,2.86,20.5,5.1,1.0,1.0,1,1
33,rivastigmine-tartrate,rivastigmine-tartrate,rivastigmine,10.1016/j.ejpb.2010.07.007,poloxamer407,acetone,False,67.39,400.43,0.64,147.84,123.5,7,4,10,12.0,0.3,0.5,2.0,20.5,5.1,1.0,1.0,1,1
34,rivastigmine-tartrate,rivastigmine-tartrate,rivastigmine,10.1016/j.ejpb.2010.07.007,poloxamer407,acetone,False,72.65,400.43,0.64,147.84,123.5,7,4,10,12.0,0.2,0.5,4.0,20.5,5.1,1.0,1.0,1,1
35,rivastigmine-tartrate,rivastigmine-tartrate,rivastigmine,10.1016/j.ejpb.2010.07.007,poloxamer407,acetone,False,71.42,400.43,0.64,147.84,123.5,7,4,10,12.0,0.2,0.5,2.86,20.5,5.1,1.0,1.0,1,1
36,rivastigmine-tartrate,rivastigmine-tartrate,rivastigmine,10.1016/j.ejpb.2010.07.007,poloxamer407,acetone,False,68.21,400.43,0.64,147.84,123.5,7,4,10,12.0,0.2,0.5,2.0,20.5,5.1,1.0,1.0,1,1
37,rivastigmine-tartrate,rivastigmine-tartrate,rivastigmine,10.1016/j.ejpb.2010.07.007,poloxamer407,acetone,False,74.19,400.43,0.64,147.84,123.5,7,4,10,12.0,0.15,0.5,4.0,20.5,5.1,1.0,1.0,1,1
38,rivastigmine-tartrate,rivastigmine-tartrate,rivastigmine,10.1016/j.ejpb.2010.07.007,poloxamer407,acetone,False,73.76,400.43,0.64,147.84,123.5,7,4,10,12.0,0.15,0.5,2.86,20.5,5.1,1.0,1.0,1,1
39,rivastigmine-tartrate,rivastigmine-tartrate,rivastigmine,10.1016/j.ejpb.2010.07.007,poloxamer407,acetone,False,70.66,400.43,0.64,147.84,123.5,7,4,10,12.0,0.15,0.5,2.0,20.5,5.1,1.0,1.0,1,1
40,rivastigmine-tartrate,rivastigmine-tartrate,rivastigmine,10.1016/j.ejpb.2010.07.007,poloxamer407,acetone,False,72.27,400.43,0.64,147.84,123.5,7,4,10,12.0,0.3,1.0,4.0,20.5,5.1,1.0,1.0,1,1
41,rivastigmine-tartrate,rivastigmine-tartrate,rivastigmine,10.1016/j.ejpb.2010.07.007,poloxamer407,acetone,False,71.64,400.43,0.64,147.84,123.5,7,4,10,12.0,0.3,1.0,2.86,20.5,5.1,1.0,1.0,1,1
42,rivastigmine-tartrate,rivastigmine-tartrate,rivastigmine,10.1016/j.ejpb.2010.07.007,poloxamer407,acetone,False,68.34,400.43,0.64,147.84,123.5,7,4,10,12.0,0.3,1.0,2.0,20.5,5.1,1.0,1.0,1,1
43,rivastigmine-tartrate,rivastigmine-tartrate,rivastigmine,10.1016/j.ejpb.2010.07.007,poloxamer407,acetone,False,73.23,400.43,0.64,147.84,123.5,7,4,10,12.0,0.2,1.0,4.0,20.5,5.1,1.0,1.0,1,1
44,rivastigmine-tartrate,rivastigmine-tartrate,rivastigmine,10.1016/j.ejpb.2010.07.007,poloxamer407,acetone,False,72.19,400.43,0.64,147.84,123.5,7,4,10,12.0,0.2,1.0,2.86,20.5,5.1,1.0,1.0,1,1
45,rivastigmine-tartrate,rivastigmine-tartrate,rivastigmine,10.1016/j.ejpb.2010.07.007,poloxamer407,acetone,False,69.61,400.43,0.64,147.84,123.5,7,4,10,12.0,0.2,1.0,2.0,20.5,5.1,1.0,1.0,1,1
46,rivastigmine-tartrate,rivastigmine-tartrate,rivastigmine,10.1016/j.ejpb.2010.07.007,poloxamer407,acetone,False,75.64,400.43,0.64,147.84,123.5,7,4,10,12.0,0.15,1.0,4.0,20.5,5.1,1.0,1.0,1,1
47,rivastigmine-tartrate,rivastigmine-tartrate,rivastigmine,10.1016/j.ejpb.2010.07.007,poloxamer407,acetone,False,75.08,400.43,0.64,147.84,123.5,7,4,10,12.0,0.15,1.0,2.86,20.5,5.1,1.0,1.0,1,1
48,rivastigmine-tartrate,rivastigmine-tartrate,rivastigmine,10.1016/j.ejpb.2010.07.007,poloxamer407,acetone,False,74.46,400.43,0.64,147.84,123.5,7,4,10,12.0,0.15,1.0,2.0,20.5,5.1,1.0,1.0,1,1
49,rivastigmine-tartrate,rivastigmine-tartrate,rivastigmine,10.1016/j.ejpb.2010.07.007,poloxamer407,acetone,False,73.12,400.43,0.64,147.84,123.5,7,4,10,12.0,0.3,1.5,4.0,20.5,5.1,1.0,1.0,1,1
50,rivastigmine-tartrate,rivastigmine-tartrate,rivastigmine,10.1016/j.ejpb.2010.07.007,poloxamer407,acetone,False,70.15,400.43,0.64,147.84,123.5,7,4,10,12.0,0.3,1.5,2.86,20.5,5.1,1.0,1.0,1,1
51,rivastigmine-tartrate,rivastigmine-tartrate,rivastigmine,10.1016/j.ejpb.2010.07.007,poloxamer407,acetone,False,68.81,400.43,0.64,147.84,123.5,7,4,10,12.0,0.3,1.5,2.0,20.5,5.1,1.0,1.0,1,1
52,rivastigmine-tartrate,rivastigmine-tartrate,rivastigmine,10.1016/j.ejpb.2010.07.007,poloxamer407,acetone,False,74.26,400.43,0.64,147.84,123.5,7,4,10,12.0,0.2,1.5,4.0,20.5,5.1,1.0,1.0,1,1
53,rivastigmine-tartrate,rivastigmine-tartrate,rivastigmine,10.1016/j.ejpb.2010.07.007,poloxamer407,acetone,False,73.15,400.43,0.64,147.84,123.5,7,4,10,12.0,0.2,1.5,2.86,20.5,5.1,1.0,1.0,1,1
54,rivastigmine-tartrate,rivastigmine-tartrate,rivastigmine,10.1016/j.ejpb.2010.07.007,poloxamer407,acetone,False,70.85,400.43,0.64,147.84,123.5,7,4,10,12.0,0.2,1.5,2.0,20.5,5.1,1.0,1.0,1,1
55,rivastigmine-tartrate,rivastigmine-tartrate,rivastigmine,10.1016/j.ejpb.2010.07.007,poloxamer407,acetone,False,76.24,400.43,0.64,147.84,123.5,7,4,10,12.0,0.15,1.5,4.0,20.5,5.1,1.0,1.0,1,1
56,rivastigmine-tartrate,rivastigmine-tartrate,rivastigmine,10.1016/j.ejpb.2010.07.007,poloxamer407,acetone,False,75.31,400.43,0.64,147.84,123.5,7,4,10,12.0,0.15,1.5,2.86,20.5,5.1,1.0,1.0,1,1
57,rivastigmine-tartrate,rivastigmine-tartrate,rivastigmine,10.1016/j.ejpb.2010.07.007,poloxamer407,acetone,False,74.79,400.43,0.64,147.84,123.5,7,4,10,12.0,0.15,1.5,2.0,20.5,5.1,1.0,1.0,1,1
58,flurbiprofen,flurbiprofen,flurbiprofen,10.1002/jps.21383,poloxamer188,acetone,False,94.6,244.27,3.68,37.3,110.1,1,1,3,98.0,0.417,0.02,2.0,29.0,5.1,,3.0,missing,3
59,flurbiprofen,flurbiprofen,flurbiprofen,10.1002/jps.21383,poloxamer188,acetone,False,85.94,244.27,3.68,37.3,110.1,1,1,3,98.0,0.083,0.02,2.0,29.0,5.1,,3.0,missing,3
60,flurbiprofen,flurbiprofen,flurbiprofen,10.1002/jps.21383,poloxamer188,acetone,False,84.7,244.27,3.68,37.3,110.1,1,1,3,98.0,0.083,0.04,2.0,29.0,5.1,,3.0,missing,3
61,docetaxel,docetaxel,docetaxel,10.1039/c7bm01206c,TPGS,acetone,False,80.5,807.89,3.26,224.45,232.0,14,5,15,25.0,0.1,0.03,12.5,13.0,5.1,0.0,3.0,0,3
62,lorazepam,lorazepam,lorazepam,10.1155/2014/156010,poloxamer407,acetone,False,70.0,321.16,3.1,61.69,167.0,3,2,6,45.0,0.029,0.2,6.0,20.5,5.1,0.0,1.0,0,1
63,lorazepam,lorazepam,lorazepam,10.1155/2014/156010,poloxamer407,acetone,False,88.48,321.16,3.1,61.69,167.0,3,2,6,45.0,0.143,0.2,6.0,20.5,5.1,0.0,1.0,0,1
64,lorazepam,lorazepam,lorazepam,10.1155/2014/156010,poloxamer407,acetone,False,83.0,321.16,3.1,61.69,167.0,3,2,6,45.0,0.3,0.85,10.0,20.5,5.1,0.0,1.0,0,1
65,lorazepam,lorazepam,lorazepam,10.1155/2014/156010,poloxamer407,acetone,False,71.0,321.16,3.1,61.69,167.0,3,2,6,45.0,0.029,0.85,2.0,20.5,5.1,0.0,1.0,0,1
66,lorazepam,lorazepam,lorazepam,10.1155/2014/156010,poloxamer407,acetone,False,81.0,321.16,3.1,61.69,167.0,3,2,6,45.0,0.3,0.2,6.0,20.5,5.1,0.0,1.0,0,1
67,lorazepam,lorazepam,lorazepam,10.1155/2014/156010,poloxamer407,acetone,False,83.5,321.16,3.1,61.69,167.0,3,2,6,45.0,0.5,0.85,6.0,20.5,5.1,0.0,1.0,0,1
68,lorazepam,lorazepam,lorazepam,10.1155/2014/156010,poloxamer407,acetone,False,75.0,321.16,3.1,61.69,167.0,3,2,6,45.0,0.3,0.85,2.0,20.5,5.1,0.0,1.0,0,1
69,lorazepam,lorazepam,lorazepam,10.1155/2014/156010,poloxamer407,acetone,False,86.6,321.16,3.1,61.69,167.0,3,2,6,45.0,0.086,0.85,6.0,20.5,5.1,0.0,1.0,0,1
70,lorazepam,lorazepam,lorazepam,10.1155/2014/156010,poloxamer407,acetone,False,76.0,321.16,3.1,61.69,167.0,3,2,6,45.0,0.017,0.85,6.0,20.5,5.1,0.0,1.0,0,1
71,lorazepam,lorazepam,lorazepam,10.1155/2014/156010,poloxamer407,acetone,False,84.3,321.16,3.1,61.69,167.0,3,2,6,45.0,0.143,1.5,6.0,20.5,5.1,0.0,1.0,0,1
72,lorazepam,lorazepam,lorazepam,10.1155/2014/156010,poloxamer407,acetone,False,80.0,321.16,3.1,61.69,167.0,3,2,6,45.0,0.3,1.5,6.0,20.5,5.1,0.0,1.0,0,1
73,lorazepam,lorazepam,lorazepam,10.1155/2014/156010,poloxamer407,acetone,False,90.1,321.16,3.1,61.69,167.0,3,2,6,45.0,0.05,0.2,6.0,20.5,5.1,0.0,1.0,0,1
74,lorazepam,lorazepam,lorazepam,10.1155/2014/156010,poloxamer407,acetone,False,83.5,321.16,3.1,61.69,167.0,3,2,6,45.0,0.086,1.5,10.0,20.5,5.1,0.0,1.0,0,1
75,lorazepam,lorazepam,lorazepam,10.1155/2014/156010,poloxamer407,acetone,False,82.0,321.16,3.1,61.69,167.0,3,2,6,45.0,0.05,1.5,6.0,20.5,5.1,0.0,1.0,0,1
76,lorazepam,lorazepam,lorazepam,10.1155/2014/156010,poloxamer407,acetone,False,88.0,321.16,3.1,61.69,167.0,3,2,6,45.0,0.05,0.85,2.0,20.5,5.1,0.0,1.0,0,1
77,lorazepam,lorazepam,lorazepam,10.1155/2014/156010,poloxamer407,acetone,False,66.4,321.16,3.1,61.69,167.0,3,2,6,45.0,0.029,1.5,6.0,20.5,5.1,0.0,1.0,0,1
78,lorazepam,lorazepam,lorazepam,10.1155/2014/156010,poloxamer407,acetone,False,87.83,321.16,3.1,61.69,167.0,3,2,6,45.0,0.086,0.2,2.0,20.5,5.1,0.0,1.0,0,1
79,lorazepam,lorazepam,lorazepam,10.1155/2014/156010,poloxamer407,acetone,False,89.0,321.16,3.1,61.69,167.0,3,2,6,45.0,0.083,0.85,6.0,20.5,5.1,0.0,1.0,0,1
80,lorazepam,lorazepam,lorazepam,10.1155/2014/156010,poloxamer407,acetone,False,88.0,321.16,3.1,61.69,167.0,3,2,6,45.0,0.143,0.85,2.0,20.5,5.1,0.0,1.0,0,1
81,lorazepam,lorazepam,lorazepam,10.1155/2014/156010,poloxamer407,acetone,False,65.5,321.16,3.1,61.69,167.0,3,2,6,45.0,0.1,0.85,6.0,20.5,5.1,0.0,1.0,0,1
82,lorazepam,lorazepam,lorazepam,10.1155/2014/156010,poloxamer407,acetone,False,69.0,321.16,3.1,61.69,167.0,3,2,6,45.0,0.029,0.85,10.0,20.5,5.1,0.0,1.0,0,1
83,lorazepam,lorazepam,lorazepam,10.1155/2014/156010,poloxamer407,acetone,False,88.0,321.16,3.1,61.69,167.0,3,2,6,45.0,0.086,0.2,10.0,20.5,5.1,0.0,1.0,0,1
84,lorazepam,lorazepam,lorazepam,10.1155/2014/156010,poloxamer407,acetone,False,87.0,321.16,3.1,61.69,167.0,3,2,6,45.0,0.143,0.85,10.0,20.5,5.1,0.0,1.0,0,1
85,lorazepam,lorazepam,lorazepam,10.1155/2014/156010,poloxamer407,acetone,False,84.0,321.16,3.1,61.69,167.0,3,2,6,45.0,0.086,1.5,2.0,20.5,5.1,0.0,1.0,0,1
86,lorazepam,lorazepam,lorazepam,10.1155/2014/156010,poloxamer407,acetone,False,88.0,321.16,3.1,61.69,167.0,3,2,6,45.0,0.05,0.85,10.0,20.5,5.1,0.0,1.0,0,1
87,lorazepam,lorazepam,lorazepam,10.1155/2014/156010,poloxamer407,acetone,False,85.12,321.16,3.1,61.69,167.0,3,2,6,45.0,0.086,0.85,6.0,20.5,5.1,0.0,1.0,0,1
88,rubitecan,rubitecan,rubitecan,10.1016/j.ejpb.2006.09.004,PVA,acetone,False,33.5,393.36,1.99,124.56,184.0,8,1,9,12.0,0.006,1.31,1.78,18.0,5.1,,1.0,missing,1
89,lopinavir,lopinavir,lopinavir,10.1080/10717544.2016.1199605,poloxamer188,acetone,False,36.5,628.81,4.33,120.0,125.5,5,4,9,14.0,0.2,0.5,2.0,29.0,5.1,0.0,1.0,0,1
90,lopinavir,lopinavir,lopinavir,10.1080/10717544.2016.1199605,poloxamer188,acetone,False,29.4,628.81,4.33,120.0,125.5,5,4,9,14.0,0.2,0.75,2.0,29.0,5.1,0.0,1.0,0,1
91,lopinavir,lopinavir,lopinavir,10.1080/10717544.2016.1199605,poloxamer188,acetone,False,21.3,628.81,4.33,120.0,125.5,5,4,9,14.0,0.2,1.0,2.0,29.0,5.1,0.0,1.0,0,1
92,lopinavir,lopinavir,lopinavir,10.1080/10717544.2016.1199605,poloxamer188,acetone,False,50.9,628.81,4.33,120.0,125.5,5,4,9,14.0,0.1,0.5,2.0,29.0,5.1,0.0,1.0,0,1
93,lopinavir,lopinavir,lopinavir,10.1080/10717544.2016.1199605,poloxamer188,acetone,False,48.7,628.81,4.33,120.0,125.5,5,4,9,14.0,0.1,0.75,2.0,29.0,5.1,0.0,1.0,0,1
94,lopinavir,lopinavir,lopinavir,10.1080/10717544.2016.1199605,poloxamer188,acetone,False,38.2,628.81,4.33,120.0,125.5,5,4,9,14.0,0.1,1.0,2.0,29.0,5.1,0.0,1.0,0,1
95,lopinavir,lopinavir,lopinavir,10.1080/10717544.2016.1199605,poloxamer188,acetone,False,51.1,628.81,4.33,120.0,125.5,5,4,9,14.0,0.067,0.5,2.0,29.0,5.1,0.0,1.0,0,1
96,lopinavir,lopinavir,lopinavir,10.1080/10717544.2016.1199605,poloxamer188,acetone,False,57.3,628.81,4.33,120.0,125.5,5,4,9,14.0,0.067,0.75,2.0,29.0,5.1,0.0,1.0,0,1
97,lopinavir,lopinavir,lopinavir,10.1080/10717544.2016.1199605,poloxamer188,acetone,False,40.3,628.81,4.33,120.0,125.5,5,4,9,14.0,0.067,1.0,2.0,29.0,5.1,0.0,1.0,0,1
98,lopinavir,lopinavir,lopinavir,10.1080/10717544.2016.1199605,poloxamer188,acetone,False,61.6,628.81,4.33,120.0,125.5,5,4,9,14.0,0.3,0.5,2.0,29.0,5.1,0.0,1.0,0,1
99,lopinavir,lopinavir,lopinavir,10.1080/10717544.2016.1199605,poloxamer188,acetone,False,55.4,628.81,4.33,120.0,125.5,5,4,9,14.0,0.3,0.75,2.0,29.0,5.1,0.0,1.0,0,1
100,lopinavir,lopinavir,lopinavir,10.1080/10717544.2016.1199605,poloxamer188,acetone,False,47.4,628.81,4.33,120.0,125.5,5,4,9,14.0,0.3,1.0,2.0,29.0,5.1,0.0,1.0,0,1
101,lopinavir,lopinavir,lopinavir,10.1080/10717544.2016.1199605,poloxamer188,acetone,False,83.3,628.81,4.33,120.0,125.5,5,4,9,14.0,0.15,0.5,2.0,29.0,5.1,0.0,1.0,0,1
102,lopinavir,lopinavir,lopinavir,10.1080/10717544.2016.1199605,poloxamer188,acetone,False,73.2,628.81,4.33,120.0,125.5,5,4,9,14.0,0.15,0.75,2.0,29.0,5.1,0.0,1.0,0,1
103,lopinavir,lopinavir,lopinavir,10.1080/10717544.2016.1199605,poloxamer188,acetone,False,63.1,628.81,4.33,120.0,125.5,5,4,9,14.0,0.15,1.0,2.0,29.0,5.1,0.0,1.0,0,1
104,lopinavir,lopinavir,lopinavir,10.1080/10717544.2016.1199605,poloxamer188,acetone,False,91.4,628.81,4.33,120.0,125.5,5,4,9,14.0,0.1,0.5,2.0,29.0,5.1,0.0,1.0,0,1
105,lopinavir,lopinavir,lopinavir,10.1080/10717544.2016.1199605,poloxamer188,acetone,False,84.6,628.81,4.33,120.0,125.5,5,4,9,14.0,0.1,0.75,2.0,29.0,5.1,0.0,1.0,0,1
106,lopinavir,lopinavir,lopinavir,10.1080/10717544.2016.1199605,poloxamer188,acetone,False,77.5,628.81,4.33,120.0,125.5,5,4,9,14.0,0.1,1.0,2.0,29.0,5.1,0.0,1.0,0,1
107,lopinavir,lopinavir,lopinavir,10.1080/10717544.2016.1199605,poloxamer188,acetone,False,93.3,628.81,4.33,120.0,125.5,5,4,9,14.0,0.4,0.5,2.0,29.0,5.1,0.0,1.0,0,1
108,lopinavir,lopinavir,lopinavir,10.1080/10717544.2016.1199605,poloxamer188,acetone,False,91.4,628.81,4.33,120.0,125.5,5,4,9,14.0,0.4,0.75,2.0,29.0,5.1,0.0,1.0,0,1
109,lopinavir,lopinavir,lopinavir,10.1080/10717544.2016.1199605,poloxamer188,acetone,False,87.6,628.81,4.33,120.0,125.5,5,4,9,14.0,0.4,1.0,2.0,29.0,5.1,0.0,1.0,0,1
110,lopinavir,lopinavir,lopinavir,10.1080/10717544.2016.1199605,poloxamer188,acetone,False,95.7,628.81,4.33,120.0,125.5,5,4,9,14.0,0.2,0.5,2.0,29.0,5.1,0.0,1.0,0,1
111,lopinavir,lopinavir,lopinavir,10.1080/10717544.2016.1199605,poloxamer188,acetone,False,91.4,628.81,4.33,120.0,125.5,5,4,9,14.0,0.2,0.75,2.0,29.0,5.1,0.0,1.0,0,1
112,lopinavir,lopinavir,lopinavir,10.1080/10717544.2016.1199605,poloxamer188,acetone,False,75.3,628.81,4.33,120.0,125.5,5,4,9,14.0,0.2,1.0,2.0,29.0,5.1,0.0,1.0,0,1
113,lopinavir,lopinavir,lopinavir,10.1080/10717544.2016.1199605,poloxamer188,acetone,False,93.8,628.81,4.33,120.0,125.5,5,4,9,14.0,0.133,0.5,2.0,29.0,5.1,0.0,1.0,0,1
114,lopinavir,lopinavir,lopinavir,10.1080/10717544.2016.1199605,poloxamer188,acetone,False,85.1,628.81,4.33,120.0,125.5,5,4,9,14.0,0.133,0.75,2.0,29.0,5.1,0.0,1.0,0,1
115,lopinavir,lopinavir,lopinavir,10.1080/10717544.2016.1199605,poloxamer188,acetone,False,71.1,628.81,4.33,120.0,125.5,5,4,9,14.0,0.133,1.0,2.0,29.0,5.1,0.0,1.0,0,1
116,ropinirole-hydrochloride,ropinirole-hydrochloride,ropinirole,10.1080/09205063.2013.798880,TPGS,acetone,False,57.06,296.84,3.27,32.34,242.0,2,1,4,57.5,0.25,0.16,4.0,13.0,5.1,0.0,1.0,0,1
117,ropinirole-hydrochloride,ropinirole-hydrochloride,ropinirole,10.1080/09205063.2013.798880,TPGS,acetone,False,68.8,296.84,3.27,32.34,242.0,2,1,4,57.5,0.083,0.24,4.0,13.0,5.1,0.0,1.0,0,1
118,ropinirole-hydrochloride,ropinirole-hydrochloride,ropinirole,10.1080/09205063.2013.798880,TPGS,acetone,False,52.5,296.84,3.27,32.34,242.0,2,1,4,57.5,0.25,0.24,4.0,13.0,5.1,0.0,1.0,0,1
119,ropinirole-hydrochloride,ropinirole-hydrochloride,ropinirole,10.1080/09205063.2013.798880,TPGS,acetone,False,64.5,296.84,3.27,32.34,242.0,2,1,4,57.5,0.125,0.08,4.0,13.0,5.1,0.0,1.0,0,1
120,ropinirole-hydrochloride,ropinirole-hydrochloride,ropinirole,10.1080/09205063.2013.798880,TPGS,acetone,False,63.8,296.84,3.27,32.34,242.0,2,1,4,57.5,0.125,0.24,4.0,13.0,5.1,0.0,1.0,0,1
121,ropinirole-hydrochloride,ropinirole-hydrochloride,ropinirole,10.1080/09205063.2013.798880,TPGS,acetone,False,72.3,296.84,3.27,32.34,242.0,2,1,4,57.5,0.083,0.16,4.0,13.0,5.1,0.0,1.0,0,1
122,ropinirole-hydrochloride,ropinirole-hydrochloride,ropinirole,10.1080/09205063.2013.798880,TPGS,acetone,False,48.9,296.84,3.27,32.34,242.0,2,1,4,57.5,0.25,0.08,4.0,13.0,5.1,0.0,1.0,0,1
123,ropinirole-hydrochloride,ropinirole-hydrochloride,ropinirole,10.1080/09205063.2013.798880,TPGS,acetone,False,66.9,296.84,3.27,32.34,242.0,2,1,4,57.5,0.125,0.16,4.0,13.0,5.1,0.0,1.0,0,1
124,ropinirole-hydrochloride,ropinirole-hydrochloride,ropinirole,10.1080/09205063.2013.798880,TPGS,acetone,False,65.7,296.84,3.27,32.34,242.0,2,1,4,57.5,0.083,0.08,4.0,13.0,5.1,0.0,1.0,0,1
125,paclitaxel,paclitaxel,paclitaxel,10.1016/j.jddst.2019.101380,PVA,acetone,False,82.1,853.92,3.74,221.29,214.5,14,4,15,26.5,0.05,1.0,2.0,18.0,5.1,0.0,1.0,0,1
126,paclitaxel,paclitaxel,paclitaxel,10.1016/j.jddst.2019.101380,PVA,acetone,False,87.8,853.92,3.74,221.29,214.5,14,4,15,26.5,0.02,1.0,2.0,18.0,5.1,0.0,1.0,0,1
127,paclitaxel,paclitaxel,paclitaxel,10.1016/j.jddst.2019.101380,PVA,acetone,False,80.4,853.92,3.74,221.29,214.5,14,4,15,26.5,0.02,1.0,4.0,18.0,5.1,0.0,1.0,0,1
128,paclitaxel,paclitaxel,paclitaxel,10.1016/j.jddst.2019.101380,PVA,acetone,False,80.1,853.92,3.74,221.29,214.5,14,4,15,26.5,0.1,1.0,2.0,18.0,5.1,0.0,1.0,0,1
129,paclitaxel,paclitaxel,paclitaxel,10.1016/j.jddst.2019.101380,PVA,acetone,False,85.5,853.92,3.74,221.29,214.5,14,4,15,26.5,0.04,1.0,2.0,18.0,5.1,0.0,1.0,0,1
130,paclitaxel,paclitaxel,paclitaxel,10.1016/j.jddst.2019.101380,PVA,acetone,False,80.2,853.92,3.74,221.29,214.5,14,4,15,26.5,0.04,1.0,4.0,18.0,5.1,0.0,1.0,0,1
131,azithromycin,azithromycin,azithromycin,10.1016/j.colsurfb.2010.05.027,PVA,acetone,False,78.5,749.0,1.9,180.08,114.0,14,5,14,12.0,0.333,2.0,16.0,18.0,5.1,0.0,1.0,0,1
132,azithromycin,azithromycin,azithromycin,10.1016/j.colsurfb.2010.05.027,PVA,acetone,False,66.8,749.0,1.9,180.08,114.0,14,5,14,12.0,0.5,2.0,16.0,18.0,5.1,0.0,1.0,0,1
133,azithromycin,azithromycin,azithromycin,10.1016/j.colsurfb.2010.05.027,PVA,acetone,False,50.5,749.0,1.9,180.08,114.0,14,5,14,12.0,1.0,2.0,16.0,18.0,5.1,0.0,1.0,0,1
134,rhodamine-B,rhodamine-b,rhodamine-b,10.3390/nano11030749,poloxamer407,acetone,False,47.0,479.02,3.93,55.08,165.0,3,1,6,2.4,0.008,0.1,10.0,20.5,5.1,0.0,1.0,0,1
135,rhodamine-B,rhodamine-b,rhodamine-b,10.3390/nano11030749,poloxamer407,acetone,False,56.0,479.02,3.93,55.08,165.0,3,1,6,3.2,0.008,0.1,10.0,20.5,5.1,0.0,2.33,0,2.33
136,rhodamine-B,rhodamine-b,rhodamine-b,10.3390/nano11030749,poloxamer407,acetone,False,18.0,479.02,3.93,55.08,165.0,3,1,6,17.0,0.008,0.1,10.0,20.5,5.1,0.0,1.0,0,1
137,coumarin-6,coumarin-6,coumarin-6,10.1007/s00396-016-4007-3,none,acetone,False,52.3,350.44,4.92,46.34,212.0,5,0,5,60.0,0.002,0.0,2.5,0.0,5.1,0.0,1.0,0,1
138,coumarin-6,coumarin-6,coumarin-6,10.1007/s00396-016-4007-3,none,tetrahydrofuran,False,49.2,350.44,4.92,46.34,212.0,5,0,5,60.0,0.002,0.0,2.5,0.0,4.0,0.0,1.0,0,1
139,coumarin-6,coumarin-6,coumarin-6,10.1007/s00396-016-4007-3,none,acetone,False,25.5,350.44,4.92,46.34,212.0,5,0,5,60.0,0.005,0.0,2.5,0.0,5.1,0.0,1.0,0,1
140,coumarin-6,coumarin-6,coumarin-6,10.1007/s00396-016-4007-3,none,tetrahydrofuran,False,28.0,350.44,4.92,46.34,212.0,5,0,5,60.0,0.005,0.0,2.5,0.0,4.0,0.0,1.0,0,1
141,coumarin-6,coumarin-6,coumarin-6,10.1007/s00396-016-4007-3,none,acetone,False,3.8,350.44,4.92,46.34,212.0,5,0,5,60.0,0.05,0.0,2.5,0.0,5.1,0.0,1.0,0,1
142,coumarin-6,coumarin-6,coumarin-6,10.1007/s00396-016-4007-3,none,tetrahydrofuran,False,6.4,350.44,4.92,46.34,212.0,5,0,5,60.0,0.05,0.0,2.5,0.0,4.0,0.0,1.0,0,1
144,coumarin-6,coumarin-6,coumarin-6,10.1007/s00396-016-4007-3,none,acetone,False,25.7,350.44,4.92,46.34,212.0,5,0,5,75.0,0.005,0.0,2.5,0.0,5.1,0.0,1.86,0,1.86
145,coumarin-6,coumarin-6,coumarin-6,10.1007/s00396-016-4007-3,none,acetone,False,30.1,350.44,4.92,46.34,212.0,5,0,5,75.0,0.005,0.0,2.5,0.0,5.1,0.0,5.67,0,5.67
146,coumarin-6,coumarin-6,coumarin-6,10.1007/s00396-016-4007-3,none,acetone,False,13.7,350.44,4.92,46.34,212.0,5,0,5,60.0,0.005,0.0,10.0,0.0,5.1,0.0,1.0,0,1
147,coumarin-6,coumarin-6,coumarin-6,10.1007/s00396-016-4007-3,none,acetone,False,7.4,350.44,4.92,46.34,212.0,5,0,5,60.0,0.005,0.0,2.5,0.0,5.1,0.0,1.0,0,1
148,coumarin-6,coumarin-6,coumarin-6,10.1007/s00396-016-4007-3,none,acetone,False,8.1,350.44,4.92,46.34,212.0,5,0,5,60.0,0.005,0.0,3.5,0.0,5.1,0.0,1.0,0,1
150,coumarin-6,coumarin-6,coumarin-6,10.1007/s00396-016-4007-3,none,acetone,False,32.4,350.44,4.92,46.34,212.0,5,0,5,60.0,0.005,0.0,2.0,0.0,5.1,0.0,1.0,0,1
151,itraconazole,itraconazole,itraconazole,10.2147/IJN.S54040,poloxamer188,acetone,False,61.0,705.65,5.58,104.7,166.2,12,0,14,45.0,0.2,0.3,10.0,29.0,5.1,0.0,1.0,0,1
152,itraconazole,itraconazole,itraconazole,10.2147/IJN.S54040,poloxamer188,acetone,False,72.0,705.65,5.58,104.7,166.2,12,0,14,45.0,0.1,0.3,10.0,29.0,5.1,0.0,1.0,0,1
153,itraconazole,itraconazole,itraconazole,10.2147/IJN.S54040,poloxamer188,acetone,False,73.0,705.65,5.58,104.7,166.2,12,0,14,45.0,0.067,0.3,10.0,29.0,5.1,0.0,1.0,0,1
154,rhodamine-123,rhodamine-123,rhodamine-123,10.2147/IJN.S130908,PVA,acetone,False,55.3,380.83,1.49,89.64,235.0,4,2,6,12.0,0.05,1.0,3.0,18.0,5.1,0.0,1.0,0,1
155,gatifloxacin,gatifloxacin,gatifloxacin,10.2147/IJN.S130908,PVA,acetone,False,34.1,375.4,1.98,83.8,167.5,6,2,8,12.0,0.1,1.0,3.0,18.0,5.1,0.0,1.0,0,1
156,finasteride,finasteride,finasteride,10.1177/0883911520913906,poloxamer407,acetonitrile,False,80.56,372.55,3.81,58.2,253.0,2,2,4,90.0,0.1,0.5,10.0,20.5,5.8,0.0,3.0,0,3
157,finasteride,finasteride,finasteride,10.1177/0883911520913906,poloxamer407,acetonitrile,False,90.72,372.55,3.81,58.2,253.0,2,2,4,90.0,0.05,0.5,10.0,20.5,5.8,0.0,3.0,0,3
158,finasteride,finasteride,finasteride,10.1177/0883911520913906,poloxamer407,acetonitrile,False,98.9,372.55,3.81,58.2,253.0,2,2,4,90.0,0.033,0.5,10.0,20.5,5.8,0.0,3.0,0,3
159,finasteride,finasteride,finasteride,10.1177/0883911520913906,poloxamer407,acetonitrile,False,92.06,372.55,3.81,58.2,253.0,2,2,4,90.0,0.1,0.25,10.0,20.5,5.8,0.0,3.0,0,3
160,finasteride,finasteride,finasteride,10.1177/0883911520913906,poloxamer407,acetonitrile,False,85.47,372.55,3.81,58.2,253.0,2,2,4,90.0,0.1,0.5,10.0,20.5,5.8,0.0,3.0,0,3
161,finasteride,finasteride,finasteride,10.1177/0883911520913906,poloxamer407,acetonitrile,False,80.28,372.55,3.81,58.2,253.0,2,2,4,90.0,0.1,1.0,10.0,20.5,5.8,0.0,3.0,0,3
162,finasteride,finasteride,finasteride,10.1177/0883911520913906,poloxamer407,acetonitrile,False,85.07,372.55,3.81,58.2,253.0,2,2,4,90.0,0.1,0.5,10.0,20.5,5.8,0.0,3.0,0,3
163,finasteride,finasteride,finasteride,10.1177/0883911520913906,poloxamer407,acetonitrile,False,90.52,372.55,3.81,58.2,253.0,2,2,4,90.0,0.1,0.5,10.0,20.5,5.8,0.0,3.0,0,3
164,finasteride,finasteride,finasteride,10.1177/0883911520913906,poloxamer407,acetonitrile,False,92.85,372.55,3.81,58.2,253.0,2,2,4,90.0,0.1,0.5,10.0,20.5,5.8,0.0,3.0,0,3
165,zinc-protoporphyrin,zinc-protoporphyrin,zinc-protoporphyrin,10.1007/s11095-014-1313-7,none,DMSO,False,64.3,625.04,4.2,103.86,300.0,6,0,9,48.0,0.175,0.0,5.0,0.0,7.2,0.0,1.0,0,1
166,zinc-protoporphyrin,zinc-protoporphyrin,zinc-protoporphyrin,10.1007/s11095-014-1313-7,none,DMSO,False,43.0,625.04,4.2,103.86,300.0,6,0,9,48.0,0.057,0.0,40.0,0.0,7.2,0.0,1.0,0,1
167,zinc-protoporphyrin,zinc-protoporphyrin,zinc-protoporphyrin,10.1007/s11095-014-1313-7,none,DMSO,False,48.7,625.04,4.2,103.86,300.0,6,0,9,48.0,0.1,0.0,22.5,0.0,7.2,0.0,1.0,0,1
168,zinc-protoporphyrin,zinc-protoporphyrin,zinc-protoporphyrin,10.1007/s11095-014-1313-7,none,DMSO,False,50.7,625.04,4.2,103.86,300.0,6,0,9,48.0,0.1,0.0,22.5,0.0,7.2,0.0,1.0,0,1
169,zinc-protoporphyrin,zinc-protoporphyrin,zinc-protoporphyrin,10.1007/s11095-014-1313-7,none,DMSO,False,33.4,625.04,4.2,103.86,300.0,6,0,9,48.0,0.25,0.0,22.5,0.0,7.2,0.0,1.0,0,1
170,zinc-protoporphyrin,zinc-protoporphyrin,zinc-protoporphyrin,10.1007/s11095-014-1313-7,none,DMSO,False,47.3,625.04,4.2,103.86,300.0,6,0,9,48.0,0.1,0.0,22.5,0.0,7.2,0.0,1.0,0,1
171,zinc-protoporphyrin,zinc-protoporphyrin,zinc-protoporphyrin,10.1007/s11095-014-1313-7,none,DMSO,False,33.9,625.04,4.2,103.86,300.0,6,0,9,48.0,0.175,0.0,40.0,0.0,7.2,0.0,1.0,0,1
172,zinc-protoporphyrin,zinc-protoporphyrin,zinc-protoporphyrin,10.1007/s11095-014-1313-7,none,DMSO,False,30.6,625.04,4.2,103.86,300.0,6,0,9,48.0,0.143,0.0,40.0,0.0,7.2,0.0,1.0,0,1
173,zinc-protoporphyrin,zinc-protoporphyrin,zinc-protoporphyrin,10.1007/s11095-014-1313-7,none,DMSO,False,56.3,625.04,4.2,103.86,300.0,6,0,9,48.0,0.07,0.0,40.0,0.0,7.2,0.0,1.0,0,1
174,zinc-protoporphyrin,zinc-protoporphyrin,zinc-protoporphyrin,10.1007/s11095-014-1313-7,none,DMSO,False,60.5,625.04,4.2,103.86,300.0,6,0,9,48.0,0.057,0.0,5.0,0.0,7.2,0.0,1.0,0,1
175,zinc-protoporphyrin,zinc-protoporphyrin,zinc-protoporphyrin,10.1007/s11095-014-1313-7,none,DMSO,False,71.5,625.04,4.2,103.86,300.0,6,0,9,48.0,0.04,0.0,22.5,0.0,7.2,0.0,1.0,0,1
176,zinc-protoporphyrin,zinc-protoporphyrin,zinc-protoporphyrin,10.1007/s11095-014-1313-7,none,DMSO,False,49.4,625.04,4.2,103.86,300.0,6,0,9,48.0,0.1,0.0,22.5,0.0,7.2,0.0,1.0,0,1
177,zinc-protoporphyrin,zinc-protoporphyrin,zinc-protoporphyrin,10.1007/s11095-014-1313-7,none,DMSO,False,60.6,625.04,4.2,103.86,300.0,6,0,9,48.0,0.1,0.0,22.5,0.0,7.2,0.0,1.0,0,1
178,zinc-protoporphyrin,zinc-protoporphyrin,zinc-protoporphyrin,10.1007/s11095-014-1313-7,none,DMSO,False,51.7,625.04,4.2,103.86,300.0,6,0,9,48.0,0.1,0.0,22.5,0.0,7.2,0.0,1.0,0,1
179,zinc-protoporphyrin,zinc-protoporphyrin,zinc-protoporphyrin,10.1007/s11095-014-1313-7,none,DMSO,False,79.0,625.04,4.2,103.86,300.0,6,0,9,48.0,0.07,0.0,5.0,0.0,7.2,0.0,1.0,0,1
180,zinc-protoporphyrin,zinc-protoporphyrin,zinc-protoporphyrin,10.1007/s11095-014-1313-7,none,DMSO,False,59.0,625.04,4.2,103.86,300.0,6,0,9,48.0,0.1,0.0,22.5,0.0,7.2,0.0,1.0,0,1
181,zinc-protoporphyrin,zinc-protoporphyrin,zinc-protoporphyrin,10.1007/s11095-014-1313-7,none,DMSO,False,50.4,625.04,4.2,103.86,300.0,6,0,9,48.0,0.143,0.0,5.0,0.0,7.2,0.0,1.0,0,1
182,artemether,artemether,artemether,10.1016/j.ijpharm.2021.120820,PVA,acetone,False,78.5,298.38,2.84,46.15,87.0,5,0,5,45.0,0.067,0.5,3.0,18.0,5.1,0.0,1.0,0,1
183,artemether,artemether,artemether,10.1016/j.ijpharm.2021.120820,PVA,acetone,False,80.0,298.38,2.84,46.15,87.0,5,0,5,45.0,0.067,1.0,3.0,18.0,5.1,0.0,1.0,0,1
184,artemether,artemether,artemether,10.1016/j.ijpharm.2021.120820,PVA,acetone,False,78.3,298.38,2.84,46.15,87.0,5,0,5,45.0,0.133,1.0,3.0,18.0,5.1,0.0,1.0,0,1
185,artemether,artemether,artemether,10.1016/j.ijpharm.2021.120820,PVA,acetone,False,80.6,298.38,2.84,46.15,87.0,5,0,5,45.0,0.133,0.5,3.0,18.0,5.1,0.0,1.0,0,1
186,artemether,artemether,artemether,10.1016/j.ijpharm.2021.120820,PVA,acetone,False,86.9,298.38,2.84,46.15,87.0,5,0,5,45.0,0.133,0.5,2.0,18.0,5.1,0.0,1.0,0,1
187,flurbiprofen,flurbiprofen,flurbiprofen,10.1002/jps.20685,poloxamer188,acetone,False,92.07,244.27,3.68,37.3,110.1,1,1,3,98.0,0.139,1.0,2.0,29.0,5.1,,3.0,missing,3
188,flurbiprofen,flurbiprofen,flurbiprofen,10.1002/jps.20685,poloxamer188,acetone,False,74.4,244.27,3.68,37.3,110.1,1,1,3,98.0,0.139,1.0,2.0,29.0,5.1,-1.0,3.0,-1,3
189,flurbiprofen,flurbiprofen,flurbiprofen,10.1002/jps.20685,poloxamer188,acetone,False,94.6,244.27,3.68,37.3,110.1,1,1,3,98.0,0.417,1.0,2.0,29.0,5.1,,3.0,missing,3
190,flurbiprofen,flurbiprofen,flurbiprofen,10.1002/jps.20685,poloxamer188,acetone,False,87.3,244.27,3.68,37.3,110.1,1,1,3,98.0,0.417,1.0,2.0,29.0,5.1,-1.0,3.0,-1,3
191,flurbiprofen,flurbiprofen,flurbiprofen,10.1002/jps.20685,poloxamer188,acetone,False,97.53,244.27,3.68,37.3,110.1,1,1,3,98.0,0.139,2.0,2.0,29.0,5.1,-1.0,3.0,-1,3
192,flurbiprofen,flurbiprofen,flurbiprofen,10.1002/jps.20685,poloxamer188,acetone,False,80.05,244.27,3.68,37.3,110.1,1,1,3,98.0,0.139,2.0,2.0,29.0,5.1,-1.0,3.0,-1,3
193,flurbiprofen,flurbiprofen,flurbiprofen,10.1002/jps.20685,poloxamer188,acetone,False,93.55,244.27,3.68,37.3,110.1,1,1,3,98.0,0.417,2.0,2.0,29.0,5.1,,3.0,missing,3
194,flurbiprofen,flurbiprofen,flurbiprofen,10.1002/jps.20685,poloxamer188,acetone,False,89.39,244.27,3.68,37.3,110.1,1,1,3,98.0,0.417,2.0,2.0,29.0,5.1,-1.0,3.0,-1,3
195,flurbiprofen,flurbiprofen,flurbiprofen,10.1002/jps.20685,poloxamer188,acetone,False,85.42,244.27,3.68,37.3,110.1,1,1,3,98.0,0.278,1.5,2.0,29.0,5.1,0.0,3.0,0,3
196,flurbiprofen,flurbiprofen,flurbiprofen,10.1002/jps.20685,poloxamer188,acetone,False,94.16,244.27,3.68,37.3,110.1,1,1,3,98.0,0.278,1.5,2.0,29.0,5.1,,3.0,missing,3
197,flurbiprofen,flurbiprofen,flurbiprofen,10.1002/jps.20685,poloxamer188,acetone,False,88.65,244.27,3.68,37.3,110.1,1,1,3,98.0,0.511,1.5,2.0,29.0,5.1,-1.0,3.0,-1,3
198,flurbiprofen,flurbiprofen,flurbiprofen,10.1002/jps.20685,poloxamer188,acetone,False,89.62,244.27,3.68,37.3,110.1,1,1,3,98.0,0.044,1.5,2.0,29.0,5.1,-1.0,3.0,-1,3
199,flurbiprofen,flurbiprofen,flurbiprofen,10.1002/jps.20685,poloxamer188,acetone,False,85.37,244.27,3.68,37.3,110.1,1,1,3,98.0,0.278,2.34,2.0,29.0,5.1,-1.0,3.0,-1,3
200,flurbiprofen,flurbiprofen,flurbiprofen,10.1002/jps.20685,poloxamer188,acetone,False,84.74,244.27,3.68,37.3,110.1,1,1,3,98.0,0.278,0.66,2.0,29.0,5.1,-1.0,3.0,-1,3
201,flurbiprofen,flurbiprofen,flurbiprofen,10.1002/jps.20685,poloxamer188,acetone,False,81.33,244.27,3.68,37.3,110.1,1,1,3,98.0,0.278,1.5,2.0,29.0,5.1,-1.0,3.0,-1,3
202,flurbiprofen,flurbiprofen,flurbiprofen,10.1002/jps.20685,poloxamer188,acetone,False,80.68,244.27,3.68,37.3,110.1,1,1,3,98.0,0.278,1.5,2.0,29.0,5.1,-1.0,3.0,-1,3
203,5-fluorouracil,5-fluorouracil,5-fluorouracil,10.1016/j.ijpharm.2016.11.012,PVA,acetone,False,4.91,130.08,-0.8,65.72,282.0,2,2,5,15.3,0.02,1.0,2.0,18.0,5.1,0.0,1.0,0,1
204,5-fluorouracil,5-fluorouracil,5-fluorouracil,10.1016/j.ijpharm.2016.11.012,PVA,acetone,False,7.03,130.08,-0.8,65.72,282.0,2,2,5,15.3,0.06,1.0,2.0,18.0,5.1,0.0,1.0,0,1
205,5-fluorouracil,5-fluorouracil,5-fluorouracil,10.1016/j.ijpharm.2016.11.012,PVA,acetone,False,8.46,130.08,-0.8,65.72,282.0,2,2,5,15.3,0.1,1.0,2.0,18.0,5.1,0.0,1.0,0,1
206,5-fluorouracil,5-fluorouracil,5-fluorouracil,10.1016/j.ijpharm.2016.11.012,PVA,acetone,False,8.57,130.08,-0.8,65.72,282.0,2,2,5,15.3,0.16,1.0,2.0,18.0,5.1,0.0,1.0,0,1
207,5-fluorouracil,5-fluorouracil,5-fluorouracil,10.1016/j.ijpharm.2016.11.012,PVA,acetone,False,8.64,130.08,-0.8,65.72,282.0,2,2,5,15.3,0.2,1.0,2.0,18.0,5.1,0.0,1.0,0,1
208,5-fluorouracil,5-fluorouracil,5-fluorouracil,10.1016/j.ijpharm.2016.11.012,PVA,acetone,False,8.64,130.08,-0.8,65.72,282.0,2,2,5,15.3,0.24,1.0,2.0,18.0,5.1,0.0,1.0,0,1
209,5-fluorouracil,5-fluorouracil,5-fluorouracil,10.1016/j.ijpharm.2016.11.012,PVA,acetone,False,8.52,130.08,-0.8,65.72,282.0,2,2,5,15.3,0.3,1.0,2.0,18.0,5.1,0.0,1.0,0,1
210,atractylodin,atractylodin,atractylodin,10.1111/1440-1681.13433,poloxamer407,acetone,False,68.0,182.22,2.88,13.14,52.0,1,0,1,12.0,0.04,1.0,7.5,20.5,5.1,0.0,1.0,0,1
211,lamotrigine,lamotrigine,lamotrigine,10.1007/s13346-019-00622-5,poloxamer407,acetone,False,84.87,256.1,2.01,90.71,217.0,5,2,7,45.0,0.1,1.0,5.0,20.5,5.1,0.0,1.0,0,1
212,ropinirole,ropinirole,ropinirole,10.1016/j.ijpharm.2020.119776,PVA,acetone,False,5.4,260.38,2.85,32.34,242.0,2,1,3,95.5,0.04,0.8,3.0,18.0,5.1,0.0,3.0,0,3
213,salbutamol,salbutamol,salbutamol,10.1089/jamp.2009.0759,none,acetone,False,25.2,239.32,1.31,72.72,151.0,4,4,4,12.0,0.053,0.0,5.0,0.0,5.1,0.0,1.0,0,1
214,etoposide,etoposide,etoposide,10.1080/10717540802174662,poloxamer188,acetone,False,57.64,588.56,1.34,160.83,243.5,13,3,13,10.0,0.1,1.0,2.5,29.0,5.1,0.0,1.0,0,1
215,etoposide,etoposide,etoposide,10.1080/10717540802174662,poloxamer188,acetone,False,66.11,588.56,1.34,160.83,243.5,13,3,13,10.0,0.1,1.0,2.5,29.0,5.1,0.0,1.0,0,1
216,etoposide,etoposide,etoposide,10.1080/10717540802174662,poloxamer188,acetone,False,78.99,588.56,1.34,160.83,243.5,13,3,13,10.0,0.1,1.0,2.5,29.0,5.1,0.0,1.0,0,1
217,cefpodoxime-proxetil,cefpodoxime-proxetil,cefpodoxime-proxetil,10.1016/j.jddst.2020.102145,poloxamer188,acetone,False,39.49,557.61,0.83,180.97,100.5,14,2,16,45.0,0.1,0.5,3.33,29.0,5.1,0.0,1.0,0,1
218,cefpodoxime-proxetil,cefpodoxime-proxetil,cefpodoxime-proxetil,10.1016/j.jddst.2020.102145,poloxamer188,acetone,False,30.68,557.61,0.83,180.97,100.5,14,2,16,45.0,0.05,0.5,3.33,29.0,5.1,0.0,1.0,0,1
219,ketoprofen ,ketoprofen,ketoprofen,10.1016/j.colsurfb.2019.01.012,poloxamer188,acetone,False,13.21,254.29,3.11,54.37,94.0,2,1,3,93.0,0.5,1.0,10.0,29.0,5.1,0.0,1.86,0,1.86
220,dl-α-tocopherol,dl-α-tocopherol,dl-α-tocopherol,10.1016/j.colsurfb.2019.01.012,poloxamer188,acetone,False,88.25,430.72,8.84,29.46,94.0,2,1,2,93.0,0.5,1.0,10.0,29.0,5.1,0.0,1.86,0,1.86
221,ketoprofen ,ketoprofen,ketoprofen,10.1016/j.colsurfb.2019.01.012,poloxamer188,acetone,False,7.91,254.29,3.11,54.37,94.0,2,1,3,69.9,0.5,1.0,10.0,29.0,5.1,0.0,3.0,0,3
222,dl-α-tocopherol,dl-α-tocopherol,dl-α-tocopherol,10.1016/j.colsurfb.2019.01.012,poloxamer188,acetone,False,90.28,430.72,8.84,29.46,94.0,2,1,2,69.9,0.5,1.0,10.0,29.0,5.1,0.0,3.0,0,3
223,combretastatin-A4,combretastatin-a4,combretastatin-a4,10.1088/2053-1591/ab63f5,none,acetone,False,31.0,316.35,3.6,57.15,116.5,5,1,5,12.0,0.02,0.0,2.5,0.0,5.1,0.0,1.0,0,1
224,combretastatin-A4,combretastatin-a4,combretastatin-a4,10.1088/2053-1591/ab63f5,none,acetone,False,32.0,316.35,3.6,57.15,116.5,5,1,5,12.0,0.01,0.0,2.5,0.0,5.1,0.0,1.0,0,1
225,methyl-4-hydroxybenzoate,methyl-4-hydroxybenzoate,methyl-4-hydroxybenzoate,10.1016/j.jddst.2019.01.010,poloxamer407,tetrahydrofuran,False,0.3,152.15,1.18,46.53,131.0,3,1,3,46.0,0.5,0.1,10.0,20.5,4.0,0.0,1.0,0,1
226,ethyl-4-hydroxybenzoate,ethyl-4-hydroxybenzoate,ethyl-4-hydroxybenzoate,10.1016/j.jddst.2019.01.010,poloxamer407,tetrahydrofuran,False,1.3,166.18,1.57,46.53,116.0,3,1,3,46.0,0.5,0.1,10.0,20.5,4.0,0.0,1.0,0,1
227,propyl-4-hydroxybenzoate,propyl-4-hydroxybenzoate,propyl-4-hydroxybenzoate,10.1016/j.jddst.2019.01.010,poloxamer407,tetrahydrofuran,False,2.2,180.2,1.96,46.53,96.5,3,1,3,46.0,0.5,0.1,10.0,20.5,4.0,0.0,1.0,0,1
228,butyl-4-hydroxybenzoate,butyl-4-hydroxybenzoate,butyl-4-hydroxybenzoate,10.1016/j.jddst.2019.01.010,poloxamer407,tetrahydrofuran,False,4.9,194.23,2.35,46.53,68.5,3,1,3,46.0,0.5,0.1,10.0,20.5,4.0,0.0,1.0,0,1
229,heptyl-4-hydroxybenzoate,heptyl-4-hydroxybenzoate,heptyl-4-hydroxybenzoate,10.1016/j.jddst.2019.01.010,poloxamer407,tetrahydrofuran,False,7.4,236.31,3.52,46.53,49.8,3,1,3,46.0,0.5,0.1,10.0,20.5,4.0,0.0,1.0,0,1
230,octyl-4-hydroxybenzoate,octyl-4-hydroxybenzoate,octyl-4-hydroxybenzoate,10.1016/j.jddst.2019.01.010,poloxamer407,tetrahydrofuran,False,12.3,250.34,3.91,46.53,50.0,3,1,3,46.0,0.5,0.1,10.0,20.5,4.0,0.0,1.0,0,1
231,diosgenin,diosgenin,diosgenin,10.1016/j.jddst.2022.103743,poloxamer188,acetonitrile,False,58.48,414.63,5.71,38.69,205.5,3,1,3,18.0,0.5,0.5,10.0,29.0,5.8,0.0,1.0,0,1
232,diosgenin,diosgenin,diosgenin,10.1016/j.jddst.2022.103743,poloxamer188,acetonitrile,False,78.68,414.63,5.71,38.69,205.5,3,1,3,18.0,0.333,0.5,10.0,29.0,5.8,0.0,1.0,0,1
233,diosgenin,diosgenin,diosgenin,10.1016/j.jddst.2022.103743,poloxamer188,acetonitrile,False,72.8,414.63,5.71,38.69,205.5,3,1,3,18.0,0.25,0.5,10.0,29.0,5.8,0.0,1.0,0,1
234,clobetasol_propionate,clobetasol_propionate,clobetasol-propionate,10.1111/iej.14072,polysorbate80,acetone,False,80.37,466.98,4.1,80.67,196.0,5,1,7,31.0,0.231,0.85,2.0,15.0,5.1,0.0,1.0,0,1
235,clobetasol_propionate,clobetasol_propionate,clobetasol-propionate,10.1111/iej.14072,polysorbate80,acetone,False,80.14,466.98,4.1,80.67,196.0,5,1,7,31.0,0.176,0.85,2.0,15.0,5.1,0.0,1.0,0,1
236,clobetasol_propionate,clobetasol_propionate,clobetasol-propionate,10.1111/iej.14072,polysorbate80,acetone,False,70.62,466.98,4.1,80.67,196.0,5,1,7,31.0,0.105,1.0,2.0,15.0,5.1,0.0,1.0,0,1
237,clobetasol_propionate,clobetasol_propionate,clobetasol-propionate,10.1111/iej.14072,polysorbate80,acetone,False,89.67,466.98,4.1,80.67,196.0,5,1,7,31.0,0.176,0.85,2.0,15.0,5.1,0.0,1.0,0,1
238,clobetasol_propionate,clobetasol_propionate,clobetasol-propionate,10.1111/iej.14072,polysorbate80,acetone,False,93.28,466.98,4.1,80.67,196.0,5,1,7,31.0,0.211,0.7,2.0,15.0,5.1,0.0,1.0,0,1
239,clobetasol_propionate,clobetasol_propionate,clobetasol-propionate,10.1111/iej.14072,polysorbate80,acetone,False,87.22,466.98,4.1,80.67,196.0,5,1,7,31.0,0.211,0.7,2.0,15.0,5.1,0.0,1.0,0,1
240,clobetasol_propionate,clobetasol_propionate,clobetasol-propionate,10.1111/iej.14072,polysorbate80,acetone,False,77.0,466.98,4.1,80.67,196.0,5,1,7,31.0,0.176,1.15,2.0,15.0,5.1,0.0,1.0,0,1
241,clobetasol_propionate,clobetasol_propionate,clobetasol-propionate,10.1111/iej.14072,polysorbate80,acetone,False,91.64,466.98,4.1,80.67,196.0,5,1,7,31.0,0.267,0.7,2.0,15.0,5.1,0.0,1.0,0,1
242,clobetasol_propionate,clobetasol_propionate,clobetasol-propionate,10.1111/iej.14072,polysorbate80,acetone,False,87.46,466.98,4.1,80.67,196.0,5,1,7,31.0,0.176,0.85,2.0,15.0,5.1,0.0,1.0,0,1
243,clobetasol_propionate,clobetasol_propionate,clobetasol-propionate,10.1111/iej.14072,polysorbate80,acetone,False,85.04,466.98,4.1,80.67,196.0,5,1,7,31.0,0.143,0.85,2.0,15.0,5.1,0.0,1.0,0,1
244,clobetasol_propionate,clobetasol_propionate,clobetasol-propionate,10.1111/iej.14072,polysorbate80,acetone,False,84.04,466.98,4.1,80.67,196.0,5,1,7,31.0,0.105,0.7,2.0,15.0,5.1,0.0,1.0,0,1
245,clobetasol_propionate,clobetasol_propionate,clobetasol-propionate,10.1111/iej.14072,polysorbate80,acetone,False,88.64,466.98,4.1,80.67,196.0,5,1,7,31.0,0.267,1.0,2.0,15.0,5.1,0.0,1.0,0,1
246,clobetasol_propionate,clobetasol_propionate,clobetasol-propionate,10.1111/iej.14072,polysorbate80,acetone,False,79.94,466.98,4.1,80.67,196.0,5,1,7,31.0,0.211,1.0,2.0,15.0,5.1,0.0,1.0,0,1
247,clobetasol_propionate,clobetasol_propionate,clobetasol-propionate,10.1111/iej.14072,polysorbate80,acetone,False,96.82,466.98,4.1,80.67,196.0,5,1,7,31.0,0.211,1.0,2.0,15.0,5.1,0.0,1.0,0,1
248,clobetasol_propionate,clobetasol_propionate,clobetasol-propionate,10.1111/iej.14072,polysorbate80,acetone,False,88.21,466.98,4.1,80.67,196.0,5,1,7,31.0,0.176,0.55,2.0,15.0,5.1,0.0,1.0,0,1
249,clobetasol_propionate,clobetasol_propionate,clobetasol-propionate,10.1111/iej.14072,polysorbate80,acetone,False,78.27,466.98,4.1,80.67,196.0,5,1,7,31.0,0.133,0.7,2.0,15.0,5.1,0.0,1.0,0,1
250,clobetasol_propionate,clobetasol_propionate,clobetasol-propionate,10.1111/iej.14072,polysorbate80,acetone,False,67.76,466.98,4.1,80.67,196.0,5,1,7,31.0,0.105,0.7,2.0,15.0,5.1,0.0,1.0,0,1
251,clobetasol_propionate,clobetasol_propionate,clobetasol-propionate,10.1111/iej.14072,polysorbate80,acetone,False,64.78,466.98,4.1,80.67,196.0,5,1,7,31.0,0.133,1.0,2.0,15.0,5.1,0.0,1.0,0,1
252,clobetasol_propionate,clobetasol_propionate,clobetasol-propionate,10.1111/iej.14072,polysorbate80,acetone,False,82.05,466.98,4.1,80.67,196.0,5,1,7,31.0,0.105,1.0,2.0,15.0,5.1,0.0,1.0,0,1
253,clobetasol_propionate,clobetasol_propionate,clobetasol-propionate,10.1111/iej.14072,polysorbate80,acetone,False,15.91,466.98,4.1,80.67,196.0,5,1,7,31.0,0.059,0.85,2.0,15.0,5.1,0.0,1.0,0,1
254,clobetasol_propionate,clobetasol_propionate,clobetasol-propionate,10.1111/iej.14072,polysorbate80,acetone,False,81.65,466.98,4.1,80.67,196.0,5,1,7,31.0,0.267,1.0,2.0,15.0,5.1,0.0,1.0,0,1
255,clobetasol_propionate,clobetasol_propionate,clobetasol-propionate,10.1111/iej.14072,polysorbate80,acetone,False,89.7,466.98,4.1,80.67,196.0,5,1,7,31.0,0.267,0.7,2.0,15.0,5.1,0.0,1.0,0,1
256,clobetasol_propionate,clobetasol_propionate,clobetasol-propionate,10.1111/iej.14072,polysorbate80,acetone,False,71.49,466.98,4.1,80.67,196.0,5,1,7,31.0,0.133,1.0,2.0,15.0,5.1,0.0,1.0,0,1
257,clobetasol_propionate,clobetasol_propionate,clobetasol-propionate,10.1111/iej.14072,polysorbate80,acetone,False,92.81,466.98,4.1,80.67,196.0,5,1,7,31.0,0.294,0.85,2.0,15.0,5.1,0.0,1.0,0,1
258,clobetasol_propionate,clobetasol_propionate,clobetasol-propionate,10.1111/iej.14072,polysorbate80,acetone,False,69.22,466.98,4.1,80.67,196.0,5,1,7,31.0,0.133,0.7,2.0,15.0,5.1,0.0,1.0,0,1
259,clobetasol_propionate,clobetasol_propionate,clobetasol-propionate,10.1111/iej.14072,polysorbate80,acetone,False,83.24,466.98,4.1,80.67,196.0,5,1,7,31.0,0.176,0.85,2.0,15.0,5.1,0.0,1.0,0,1
260,rapamycin,rapamycin,rapamycin,10.3109/10717544.2015.1039667,polysorbate20,acetone,False,74.25,914.19,6.18,195.43,184.0,13,3,14,40.0,0.1,2.0,10.0,16.7,5.1,0.0,1.0,0,1
261,piperine,piperine,piperine,10.3109/10717544.2015.1039667,polysorbate20,acetone,False,91.1,285.34,3.0,38.77,131.5,3,0,4,40.0,0.1,2.0,10.0,16.7,5.1,0.0,1.0,0,1
262,lamotrigine,lamotrigine,lamotrigine,10.1208/s12249-014-0235-3,PVA,acetone,False,64.14,256.1,2.01,90.71,217.0,5,2,7,12.0,0.2,0.5,4.0,18.0,5.1,0.0,1.0,0,1
263,lamotrigine,lamotrigine,lamotrigine,10.1208/s12249-014-0235-3,PVA,acetone,False,60.1,256.1,2.01,90.71,217.0,5,2,7,12.0,0.2,0.5,3.03,18.0,5.1,0.0,1.0,0,1
264,lamotrigine,lamotrigine,lamotrigine,10.1208/s12249-014-0235-3,PVA,acetone,False,58.59,256.1,2.01,90.71,217.0,5,2,7,12.0,0.2,0.5,2.0,18.0,5.1,0.0,1.0,0,1
265,lamotrigine,lamotrigine,lamotrigine,10.1208/s12249-014-0235-3,PVA,acetone,False,74.38,256.1,2.01,90.71,217.0,5,2,7,12.0,0.13,0.5,4.0,18.0,5.1,0.0,1.0,0,1
266,lamotrigine,lamotrigine,lamotrigine,10.1208/s12249-014-0235-3,PVA,acetone,False,72.74,256.1,2.01,90.71,217.0,5,2,7,12.0,0.13,0.5,3.03,18.0,5.1,0.0,1.0,0,1
267,lamotrigine,lamotrigine,lamotrigine,10.1208/s12249-014-0235-3,PVA,acetone,False,69.13,256.1,2.01,90.71,217.0,5,2,7,12.0,0.13,0.5,2.0,18.0,5.1,0.0,1.0,0,1
268,lamotrigine,lamotrigine,lamotrigine,10.1208/s12249-014-0235-3,PVA,acetone,False,83.36,256.1,2.01,90.71,217.0,5,2,7,12.0,0.1,0.5,4.0,18.0,5.1,0.0,1.0,0,1
269,lamotrigine,lamotrigine,lamotrigine,10.1208/s12249-014-0235-3,PVA,acetone,False,81.78,256.1,2.01,90.71,217.0,5,2,7,12.0,0.1,0.5,3.03,18.0,5.1,0.0,1.0,0,1
270,lamotrigine,lamotrigine,lamotrigine,10.1208/s12249-014-0235-3,PVA,acetone,False,79.17,256.1,2.01,90.71,217.0,5,2,7,12.0,0.1,0.5,2.0,18.0,5.1,0.0,1.0,0,1
271,lamotrigine,lamotrigine,lamotrigine,10.1208/s12249-014-0235-3,PVA,acetone,False,61.67,256.1,2.01,90.71,217.0,5,2,7,12.0,0.2,1.0,4.0,18.0,5.1,0.0,1.0,0,1
272,lamotrigine,lamotrigine,lamotrigine,10.1208/s12249-014-0235-3,PVA,acetone,False,57.93,256.1,2.01,90.71,217.0,5,2,7,12.0,0.2,1.0,3.03,18.0,5.1,0.0,1.0,0,1
273,lamotrigine,lamotrigine,lamotrigine,10.1208/s12249-014-0235-3,PVA,acetone,False,56.21,256.1,2.01,90.71,217.0,5,2,7,12.0,0.2,1.0,2.0,18.0,5.1,0.0,1.0,0,1
274,lamotrigine,lamotrigine,lamotrigine,10.1208/s12249-014-0235-3,PVA,acetone,False,73.59,256.1,2.01,90.71,217.0,5,2,7,12.0,0.13,1.0,4.0,18.0,5.1,0.0,1.0,0,1
275,lamotrigine,lamotrigine,lamotrigine,10.1208/s12249-014-0235-3,PVA,acetone,False,70.38,256.1,2.01,90.71,217.0,5,2,7,12.0,0.13,1.0,3.03,18.0,5.1,0.0,1.0,0,1
276,lamotrigine,lamotrigine,lamotrigine,10.1208/s12249-014-0235-3,PVA,acetone,False,68.65,256.1,2.01,90.71,217.0,5,2,7,12.0,0.13,1.0,2.0,18.0,5.1,0.0,1.0,0,1
277,lamotrigine,lamotrigine,lamotrigine,10.1208/s12249-014-0235-3,PVA,acetone,False,81.78,256.1,2.01,90.71,217.0,5,2,7,12.0,0.1,1.0,4.0,18.0,5.1,0.0,1.0,0,1
278,lamotrigine,lamotrigine,lamotrigine,10.1208/s12249-014-0235-3,PVA,acetone,False,80.59,256.1,2.01,90.71,217.0,5,2,7,12.0,0.1,1.0,3.03,18.0,5.1,0.0,1.0,0,1
279,lamotrigine,lamotrigine,lamotrigine,10.1208/s12249-014-0235-3,PVA,acetone,False,78.28,256.1,2.01,90.71,217.0,5,2,7,12.0,0.1,1.0,2.0,18.0,5.1,0.0,1.0,0,1
280,lamotrigine,lamotrigine,lamotrigine,10.1208/s12249-014-0235-3,PVA,acetone,False,57.9,256.1,2.01,90.71,217.0,5,2,7,12.0,0.2,1.5,4.0,18.0,5.1,0.0,1.0,0,1
281,lamotrigine,lamotrigine,lamotrigine,10.1208/s12249-014-0235-3,PVA,acetone,False,54.66,256.1,2.01,90.71,217.0,5,2,7,12.0,0.2,1.5,3.03,18.0,5.1,0.0,1.0,0,1
282,lamotrigine,lamotrigine,lamotrigine,10.1208/s12249-014-0235-3,PVA,acetone,False,52.39,256.1,2.01,90.71,217.0,5,2,7,12.0,0.2,1.5,2.0,18.0,5.1,0.0,1.0,0,1
283,lamotrigine,lamotrigine,lamotrigine,10.1208/s12249-014-0235-3,PVA,acetone,False,70.24,256.1,2.01,90.71,217.0,5,2,7,12.0,0.13,1.5,4.0,18.0,5.1,0.0,1.0,0,1
284,lamotrigine,lamotrigine,lamotrigine,10.1208/s12249-014-0235-3,PVA,acetone,False,66.84,256.1,2.01,90.71,217.0,5,2,7,12.0,0.13,1.5,3.03,18.0,5.1,0.0,1.0,0,1
285,lamotrigine,lamotrigine,lamotrigine,10.1208/s12249-014-0235-3,PVA,acetone,False,65.25,256.1,2.01,90.71,217.0,5,2,7,12.0,0.13,1.5,2.0,18.0,5.1,0.0,1.0,0,1
286,lamotrigine,lamotrigine,lamotrigine,10.1208/s12249-014-0235-3,PVA,acetone,False,78.8,256.1,2.01,90.71,217.0,5,2,7,12.0,0.1,1.5,4.0,18.0,5.1,0.0,1.0,0,1
287,lamotrigine,lamotrigine,lamotrigine,10.1208/s12249-014-0235-3,PVA,acetone,False,75.99,256.1,2.01,90.71,217.0,5,2,7,12.0,0.1,1.5,3.03,18.0,5.1,0.0,1.0,0,1
288,lamotrigine,lamotrigine,lamotrigine,10.1208/s12249-014-0235-3,PVA,acetone,False,73.26,256.1,2.01,90.71,217.0,5,2,7,12.0,0.1,1.5,2.0,18.0,5.1,0.0,1.0,0,1
289,tramadol,tramadol,tramadol,10.3109/03639045.2012.684390,PVA,acetone,False,60.28,263.38,2.63,32.7,180.5,3,1,3,12.0,0.2,0.5,4.0,18.0,5.1,0.0,1.0,0,1
290,tramadol,tramadol,tramadol,10.3109/03639045.2012.684390,PVA,acetone,False,56.49,263.38,2.63,32.7,180.5,3,1,3,12.0,0.2,0.5,3.0,18.0,5.1,0.0,1.0,0,1
291,tramadol,tramadol,tramadol,10.3109/03639045.2012.684390,PVA,acetone,False,55.06,263.38,2.63,32.7,180.5,3,1,3,12.0,0.2,0.5,2.0,18.0,5.1,0.0,1.0,0,1
292,tramadol,tramadol,tramadol,10.3109/03639045.2012.684390,PVA,acetone,False,69.91,263.38,2.63,32.7,180.5,3,1,3,12.0,0.133,0.5,4.0,18.0,5.1,0.0,1.0,0,1
293,tramadol,tramadol,tramadol,10.3109/03639045.2012.684390,PVA,acetone,False,68.36,263.38,2.63,32.7,180.5,3,1,3,12.0,0.133,0.5,3.0,18.0,5.1,0.0,1.0,0,1
294,tramadol,tramadol,tramadol,10.3109/03639045.2012.684390,PVA,acetone,False,64.97,263.38,2.63,32.7,180.5,3,1,3,12.0,0.133,0.5,2.0,18.0,5.1,0.0,1.0,0,1
295,tramadol,tramadol,tramadol,10.3109/03639045.2012.684390,PVA,acetone,False,78.35,263.38,2.63,32.7,180.5,3,1,3,12.0,0.1,0.5,4.0,18.0,5.1,0.0,1.0,0,1
296,tramadol,tramadol,tramadol,10.3109/03639045.2012.684390,PVA,acetone,False,76.86,263.38,2.63,32.7,180.5,3,1,3,12.0,0.1,0.5,3.0,18.0,5.1,0.0,1.0,0,1
297,tramadol,tramadol,tramadol,10.3109/03639045.2012.684390,PVA,acetone,False,74.4,263.38,2.63,32.7,180.5,3,1,3,12.0,0.1,0.5,2.0,18.0,5.1,0.0,1.0,0,1
298,tramadol,tramadol,tramadol,10.3109/03639045.2012.684390,PVA,acetone,False,57.96,263.38,2.63,32.7,180.5,3,1,3,12.0,0.2,1.0,4.0,18.0,5.1,0.0,1.0,0,1
299,tramadol,tramadol,tramadol,10.3109/03639045.2012.684390,PVA,acetone,False,54.45,263.38,2.63,32.7,180.5,3,1,3,12.0,0.2,1.0,3.0,18.0,5.1,0.0,1.0,0,1
300,tramadol,tramadol,tramadol,10.3109/03639045.2012.684390,PVA,acetone,False,52.83,263.38,2.63,32.7,180.5,3,1,3,12.0,0.2,1.0,2.0,18.0,5.1,0.0,1.0,0,1
301,tramadol,tramadol,tramadol,10.3109/03639045.2012.684390,PVA,acetone,False,69.16,263.38,2.63,32.7,180.5,3,1,3,12.0,0.133,1.0,4.0,18.0,5.1,0.0,1.0,0,1
302,tramadol,tramadol,tramadol,10.3109/03639045.2012.684390,PVA,acetone,False,66.15,263.38,2.63,32.7,180.5,3,1,3,12.0,0.133,1.0,3.0,18.0,5.1,0.0,1.0,0,1
303,tramadol,tramadol,tramadol,10.3109/03639045.2012.684390,PVA,acetone,False,64.52,263.38,2.63,32.7,180.5,3,1,3,12.0,0.133,1.0,2.0,18.0,5.1,0.0,1.0,0,1
304,tramadol,tramadol,tramadol,10.3109/03639045.2012.684390,PVA,acetone,False,77.9,263.38,2.63,32.7,180.5,3,1,3,12.0,0.1,1.0,4.0,18.0,5.1,0.0,1.0,0,1
305,tramadol,tramadol,tramadol,10.3109/03639045.2012.684390,PVA,acetone,False,75.74,263.38,2.63,32.7,180.5,3,1,3,12.0,0.1,1.0,3.0,18.0,5.1,0.0,1.0,0,1
306,tramadol,tramadol,tramadol,10.3109/03639045.2012.684390,PVA,acetone,False,73.57,263.38,2.63,32.7,180.5,3,1,3,12.0,0.1,1.0,2.0,18.0,5.1,0.0,1.0,0,1
307,tramadol,tramadol,tramadol,10.3109/03639045.2012.684390,PVA,acetone,False,54.42,263.38,2.63,32.7,180.5,3,1,3,12.0,0.2,1.5,4.0,18.0,5.1,0.0,1.0,0,1
308,tramadol,tramadol,tramadol,10.3109/03639045.2012.684390,PVA,acetone,False,51.37,263.38,2.63,32.7,180.5,3,1,3,12.0,0.2,1.5,3.0,18.0,5.1,0.0,1.0,0,1
309,tramadol,tramadol,tramadol,10.3109/03639045.2012.684390,PVA,acetone,False,49.23,263.38,2.63,32.7,180.5,3,1,3,12.0,0.2,1.5,2.0,18.0,5.1,0.0,1.0,0,1
310,tramadol,tramadol,tramadol,10.3109/03639045.2012.684390,PVA,acetone,False,66.01,263.38,2.63,32.7,180.5,3,1,3,12.0,0.133,1.5,4.0,18.0,5.1,0.0,1.0,0,1
311,tramadol,tramadol,tramadol,10.3109/03639045.2012.684390,PVA,acetone,False,62.82,263.38,2.63,32.7,180.5,3,1,3,12.0,0.133,1.5,3.0,18.0,5.1,0.0,1.0,0,1
312,tramadol,tramadol,tramadol,10.3109/03639045.2012.684390,PVA,acetone,False,61.32,263.38,2.63,32.7,180.5,3,1,3,12.0,0.133,1.5,2.0,18.0,5.1,0.0,1.0,0,1
313,tramadol,tramadol,tramadol,10.3109/03639045.2012.684390,PVA,acetone,False,74.05,263.38,2.63,32.7,180.5,3,1,3,12.0,0.1,1.5,4.0,18.0,5.1,0.0,1.0,0,1
314,tramadol,tramadol,tramadol,10.3109/03639045.2012.684390,PVA,acetone,False,71.42,263.38,2.63,32.7,180.5,3,1,3,12.0,0.1,1.5,3.0,18.0,5.1,0.0,1.0,0,1
315,tramadol,tramadol,tramadol,10.3109/03639045.2012.684390,PVA,acetone,False,68.85,263.38,2.63,32.7,180.5,3,1,3,12.0,0.1,1.5,2.0,18.0,5.1,0.0,1.0,0,1
316,methylene-blue,methylene-blue,methylene-blue,10.1039/c5ra27386b,none,acetone,False,3.12,319.86,0.87,19.37,105.0,3,0,5,12.0,0.025,0.0,3.33,0.0,5.1,0.0,1.0,0,1
317,xanthone,xanthone,xanthone,10.1016/j.ejpb.2004.09.002,poloxamer188,acetone,False,33.0,196.21,2.95,30.21,174.0,2,0,2,62.5,0.01,0.25,1.0,29.0,5.1,0.0,1.0,0,1
318,3-methoxyxanthone,3-methoxyxanthone,3-methoxyxanthone,10.1016/j.ejpb.2004.09.002,poloxamer188,acetone,False,41.5,166.14,-1.05,83.54,300.0,4,2,6,62.5,0.01,0.25,1.0,29.0,5.1,0.0,1.0,0,1
319,dexibuprofen,dexibuprofen,dexibuprofen,10.3390/nano10040720,PVA,acetone,False,93.4,206.29,3.07,37.3,54.0,1,1,2,31.0,0.056,0.5,2.0,18.0,5.1,,1.0,missing,1
320,dexibuprofen,dexibuprofen,dexibuprofen,10.3390/nano10040720,polysorbate80,acetone,False,87.5,206.29,3.07,37.3,54.0,1,1,2,31.0,0.056,0.3,2.0,15.0,5.1,,1.0,missing,1
321,dexibuprofen,dexibuprofen,dexibuprofen,10.3390/nano10040720,poloxamer188,acetone,False,85.1,206.29,3.07,37.3,54.0,1,1,2,31.0,0.056,1.0,2.0,29.0,5.1,,1.0,missing,1
322,isoniazid,isoniazid,isoniazid,10.1080/01932691.2011.616128,poloxamer407,acetone,False,10.0,137.14,-0.31,68.01,171.4,3,2,4,62.5,0.706,0.1,4.0,20.5,5.1,0.0,1.0,0,1
323,garcinol,garcinol,garcinol,10.1038/s41598-017-00696-6,TPGS,acetone,False,53.43,602.81,8.91,111.9,132.0,6,3,6,18.7,0.05,0.03,2.0,13.0,5.1,0.0,1.0,0,1
324,garcinol,garcinol,garcinol,10.1038/s41598-017-00696-6,TPGS,acetone,False,88.32,602.81,8.91,111.9,132.0,6,3,6,18.7,0.1,0.03,2.0,13.0,5.1,0.0,1.0,0,1
325,garcinol,garcinol,garcinol,10.1038/s41598-017-00696-6,TPGS,acetone,False,60.61,602.81,8.91,111.9,132.0,6,3,6,18.7,0.15,0.03,2.0,13.0,5.1,0.0,1.0,0,1
326,acetylpuerarin,acetylpuerarin,acetylpuerarin,10.1111/jphp.12481,polysorbate80,acetone,False,90.51,668.6,3.11,197.24,118.0,15,0,15,10.0,0.389,1.0,4.0,15.0,5.1,0.0,1.0,0,1
327,paeonol,paeonol,paeonol,10.1016/j.ijpharm.2021.120617,poloxamer188,acetone,False,86.26,166.18,1.6,46.53,146.0,3,1,3,5.0,0.667,0.8,3.0,29.0,5.1,0.0,1.0,0,1
328,tretinoin,tretinoin,tretinoin,10.1166/jnn.2006.401,none,acetone,False,98.8,300.44,5.6,37.3,181.0,1,1,2,31.0,0.125,0.0,2.86,0.0,5.1,0.0,1.0,0,1
329,tetrandrine,tetrandrine,tetrandrine,10.3109/02652048.2016.1156175,PVA,acetone,False,63.72,622.76,7.16,61.86,217.5,8,0,8,31.0,0.03,2.0,4.0,18.0,5.1,0.0,1.0,0,1
330,cefpodoxime-proxetil,cefpodoxime-proxetil,cefpodoxime-proxetil,10.1016/j.jddst.2020.102145,poloxamer188,acetone,False,40.0,557.61,0.83,180.97,100.5,14,2,16,45.0,0.1,0.5,3.33,29.0,5.1,0.0,1.0,0,1
331,cefpodoxime-proxetil,cefpodoxime-proxetil,cefpodoxime-proxetil,10.1016/j.jddst.2020.102145,poloxamer188,acetone,False,30.0,557.61,0.83,180.97,100.5,14,2,16,45.0,0.05,0.5,3.33,29.0,5.1,0.0,1.0,0,1
332,paclitaxel,paclitaxel,paclitaxel,10.1016/S0168-3659(02)00212-2,poloxamer188,acetone,False,82.73,853.92,3.74,221.29,214.5,14,4,15,6.0,0.01,0.25,2.0,29.0,5.1,0.0,1.0,0,1
333,paclitaxel,paclitaxel,paclitaxel,10.1016/S0168-3659(02)00212-2,poloxamer188,acetone,False,81.82,853.92,3.74,221.29,214.5,14,4,15,14.5,0.01,0.25,2.0,29.0,5.1,0.0,1.0,0,1
334,paclitaxel,paclitaxel,paclitaxel,10.1016/S0168-3659(02)00212-2,poloxamer188,acetone,False,81.82,853.92,3.74,221.29,214.5,14,4,15,63.6,0.01,0.25,2.0,29.0,5.1,0.0,3.0,0,3
335,capecitabine,capecitabine,capecitabine,PMC4694531,PVA,acetone,False,88.4,359.35,0.76,122.91,88.5,8,3,10,31.0,0.2,1.0,3.0,18.0,5.1,0.0,1.0,0,1
336,flurbiprofen,flurbiprofen,flurbiprofen,10.1016/j.colsurfb.2009.03.028,poloxamer188,acetone,False,76.37,244.27,3.68,37.3,110.1,1,1,3,29.19,0.417,1.0,2.0,29.0,5.1,,3.0,missing,3
337,flurbiprofen,flurbiprofen,flurbiprofen,10.1016/j.colsurfb.2009.03.028,poloxamer188,acetone,False,97.75,244.27,3.68,37.3,110.1,1,1,3,29.19,0.417,1.0,2.0,29.0,5.1,,3.0,missing,3
338,flurbiprofen,flurbiprofen,flurbiprofen,10.1016/j.colsurfb.2009.03.028,poloxamer188,acetone,False,77.36,244.27,3.68,37.3,110.1,1,1,3,29.19,0.417,2.0,2.0,29.0,5.1,,3.0,missing,3
339,flurbiprofen,flurbiprofen,flurbiprofen,10.1016/j.colsurfb.2009.03.028,poloxamer188,acetone,False,87.11,244.27,3.68,37.3,110.1,1,1,3,29.19,0.417,2.0,2.0,29.0,5.1,,3.0,missing,3
340,flurbiprofen,flurbiprofen,flurbiprofen,10.1016/j.colsurfb.2009.03.028,poloxamer188,acetone,False,52.68,244.27,3.68,37.3,110.1,1,1,3,29.19,0.417,1.0,2.0,29.0,5.1,-1.0,3.0,-1,3
341,flurbiprofen,flurbiprofen,flurbiprofen,10.1016/j.colsurfb.2009.03.028,poloxamer188,acetone,False,77.75,244.27,3.68,37.3,110.1,1,1,3,29.19,0.417,1.0,2.0,29.0,5.1,-1.0,3.0,-1,3
342,flurbiprofen,flurbiprofen,flurbiprofen,10.1016/j.colsurfb.2009.03.028,poloxamer188,acetone,False,59.54,244.27,3.68,37.3,110.1,1,1,3,29.19,0.417,2.0,2.0,29.0,5.1,-1.0,3.0,-1,3
343,flurbiprofen,flurbiprofen,flurbiprofen,10.1016/j.colsurfb.2009.03.028,poloxamer188,acetone,False,74.38,244.27,3.68,37.3,110.1,1,1,3,29.19,0.417,2.0,2.0,29.0,5.1,-1.0,3.0,-1,3
344,flurbiprofen,flurbiprofen,flurbiprofen,10.1016/j.colsurfb.2009.03.028,poloxamer188,acetone,False,85.18,244.27,3.68,37.3,110.1,1,1,3,29.19,0.417,1.5,2.0,29.0,5.1,-1.0,3.0,-1,3
345,flurbiprofen,flurbiprofen,flurbiprofen,10.1016/j.colsurfb.2009.03.028,poloxamer188,acetone,False,38.46,244.27,3.68,37.3,110.1,1,1,3,29.19,0.417,1.5,2.0,29.0,5.1,-1.0,3.0,-1,3
346,flurbiprofen,flurbiprofen,flurbiprofen,10.1016/j.colsurfb.2009.03.028,poloxamer188,acetone,False,66.69,244.27,3.68,37.3,110.1,1,1,3,29.19,0.417,2.34,2.0,29.0,5.1,-1.0,3.0,-1,3
347,flurbiprofen,flurbiprofen,flurbiprofen,10.1016/j.colsurfb.2009.03.028,poloxamer188,acetone,False,63.76,244.27,3.68,37.3,110.1,1,1,3,29.19,0.417,0.66,2.0,29.0,5.1,-1.0,3.0,-1,3
348,flurbiprofen,flurbiprofen,flurbiprofen,10.1016/j.colsurfb.2009.03.028,poloxamer188,acetone,False,65.34,244.27,3.68,37.3,110.1,1,1,3,29.19,0.417,1.5,2.0,29.0,5.1,0.0,3.0,0,3
349,flurbiprofen,flurbiprofen,flurbiprofen,10.1016/j.colsurfb.2009.03.028,poloxamer188,acetone,False,82.52,244.27,3.68,37.3,110.1,1,1,3,29.19,0.417,1.5,2.0,29.0,5.1,,3.0,missing,3
350,flurbiprofen,flurbiprofen,flurbiprofen,10.1016/j.colsurfb.2009.03.028,poloxamer188,acetone,False,68.22,244.27,3.68,37.3,110.1,1,1,3,29.19,0.417,1.5,2.0,29.0,5.1,-1.0,3.0,-1,3
351,flurbiprofen,flurbiprofen,flurbiprofen,10.1016/j.colsurfb.2009.03.028,poloxamer188,acetone,False,64.94,244.27,3.68,37.3,110.1,1,1,3,29.19,0.417,1.5,2.0,29.0,5.1,-1.0,3.0,-1,3
352,flurbiprofen,flurbiprofen,flurbiprofen,10.1016/j.colsurfb.2009.03.028,poloxamer188,acetone,False,94.6,244.27,3.68,37.3,110.1,1,1,3,95.5,0.417,1.0,2.0,29.0,5.1,,3.0,missing,3
353,curcumin,curcumin,curcumin,10.1007/s10965-020-02092-7,PVA,acetone,False,48.15,368.39,3.37,93.06,183.0,6,2,6,236.37,0.056,1.0,2.0,18.0,5.1,0.0,1.0,0,1
354,niclosamide,niclosamide,niclosamide,10.1007/s10965-020-02092-7,PVA,acetone,False,70.23,327.12,3.86,92.47,227.5,4,2,8,236.37,0.056,1.0,2.0,18.0,5.1,0.0,1.0,0,1
355,pranoprofen,pranoprofen,pranoprofen,10.1002/jps.24101,PVA,acetone,False,87.69,255.27,2.97,59.42,182.5,3,1,4,29.19,0.059,1.0,2.0,18.0,5.1,,3.0,missing,3
356,pranoprofen,pranoprofen,pranoprofen,10.1002/jps.24101,PVA,acetone,False,90.26,255.27,2.97,59.42,182.5,3,1,4,29.19,0.176,1.0,2.0,18.0,5.1,,3.0,missing,3
357,pranoprofen,pranoprofen,pranoprofen,10.1002/jps.24101,PVA,acetone,False,82.57,255.27,2.97,59.42,182.5,3,1,4,29.19,0.059,2.0,2.0,18.0,5.1,,3.0,missing,3
358,pranoprofen,pranoprofen,pranoprofen,10.1002/jps.24101,PVA,acetone,False,90.85,255.27,2.97,59.42,182.5,3,1,4,29.19,0.176,2.0,2.0,18.0,5.1,,3.0,missing,3
359,pranoprofen,pranoprofen,pranoprofen,10.1002/jps.24101,PVA,acetone,False,85.14,255.27,2.97,59.42,182.5,3,1,4,29.19,0.053,1.0,2.0,18.0,5.1,,3.0,missing,3
360,pranoprofen,pranoprofen,pranoprofen,10.1002/jps.24101,PVA,acetone,False,89.29,255.27,2.97,59.42,182.5,3,1,4,29.19,0.158,1.0,2.0,18.0,5.1,,3.0,missing,3
361,pranoprofen,pranoprofen,pranoprofen,10.1002/jps.24101,PVA,acetone,False,89.93,255.27,2.97,59.42,182.5,3,1,4,29.19,0.053,2.0,2.0,18.0,5.1,,3.0,missing,3
362,pranoprofen,pranoprofen,pranoprofen,10.1002/jps.24101,PVA,acetone,False,89.01,255.27,2.97,59.42,182.5,3,1,4,29.19,0.158,2.0,2.0,18.0,5.1,,3.0,missing,3
363,pranoprofen,pranoprofen,pranoprofen,10.1002/jps.24101,PVA,acetone,False,66.5,255.27,2.97,59.42,182.5,3,1,4,29.19,0.158,2.0,2.0,18.0,5.1,-1.0,3.0,-1,3
364,pranoprofen,pranoprofen,pranoprofen,10.1002/jps.24101,PVA,acetone,False,49.79,255.27,2.97,59.42,182.5,3,1,4,29.19,0.053,2.0,2.0,18.0,5.1,-1.0,3.0,-1,3
365,pranoprofen,pranoprofen,pranoprofen,10.1002/jps.24101,PVA,acetone,False,80.02,255.27,2.97,59.42,182.5,3,1,4,29.19,0.158,1.0,2.0,18.0,5.1,-1.0,3.0,-1,3
366,pranoprofen,pranoprofen,pranoprofen,10.1002/jps.24101,PVA,acetone,False,62.05,255.27,2.97,59.42,182.5,3,1,4,29.19,0.053,1.0,2.0,18.0,5.1,-1.0,3.0,-1,3
367,pranoprofen,pranoprofen,pranoprofen,10.1002/jps.24101,PVA,acetone,False,45.54,255.27,2.97,59.42,182.5,3,1,4,29.19,0.176,2.0,2.0,18.0,5.1,-1.0,3.0,-1,3
368,pranoprofen,pranoprofen,pranoprofen,10.1002/jps.24101,PVA,acetone,False,39.79,255.27,2.97,59.42,182.5,3,1,4,29.19,0.059,2.0,2.0,18.0,5.1,-1.0,3.0,-1,3
369,pranoprofen,pranoprofen,pranoprofen,10.1002/jps.24101,PVA,acetone,False,69.51,255.27,2.97,59.42,182.5,3,1,4,29.19,0.176,1.0,2.0,18.0,5.1,-1.0,3.0,-1,3
370,pranoprofen,pranoprofen,pranoprofen,10.1002/jps.24101,PVA,acetone,False,72.74,255.27,2.97,59.42,182.5,3,1,4,29.19,0.059,1.0,2.0,18.0,5.1,-1.0,3.0,-1,3
371,pranoprofen,pranoprofen,pranoprofen,10.1002/jps.24101,PVA,acetone,False,77.23,255.27,2.97,59.42,182.5,3,1,4,29.19,0.222,1.5,2.0,18.0,5.1,-1.0,3.0,-1,3
372,pranoprofen,pranoprofen,pranoprofen,10.1002/jps.24101,PVA,acetone,True,0.0,255.27,2.97,59.42,182.5,3,1,4,29.19,0.125,1.5,2.0,18.0,5.1,-1.0,3.0,-1,3
373,pranoprofen,pranoprofen,pranoprofen,10.1002/jps.24101,PVA,acetone,False,80.29,255.27,2.97,59.42,182.5,3,1,4,29.19,0.111,2.5,2.0,18.0,5.1,-1.0,3.0,-1,3
374,pranoprofen,pranoprofen,pranoprofen,10.1002/jps.24101,PVA,acetone,False,80.34,255.27,2.97,59.42,182.5,3,1,4,29.19,0.111,0.5,2.0,18.0,5.1,-1.0,3.0,-1,3
375,pranoprofen,pranoprofen,pranoprofen,10.1002/jps.24101,PVA,acetone,False,77.15,255.27,2.97,59.42,182.5,3,1,4,29.19,0.1,1.5,2.0,18.0,5.1,-1.0,3.0,-1,3
376,pranoprofen,pranoprofen,pranoprofen,10.1002/jps.24101,PVA,acetone,False,68.48,255.27,2.97,59.42,182.5,3,1,4,29.19,0.125,1.5,2.0,18.0,5.1,-1.0,3.0,-1,3
377,pranoprofen,pranoprofen,pranoprofen,10.1002/jps.24101,PVA,acetone,False,58.7,255.27,2.97,59.42,182.5,3,1,4,29.19,0.111,1.5,2.0,18.0,5.1,0.0,3.0,0,3
378,pranoprofen,pranoprofen,pranoprofen,10.1002/jps.24101,PVA,acetone,False,86.39,255.27,2.97,59.42,182.5,3,1,4,29.19,0.111,1.5,2.0,18.0,5.1,,3.0,missing,3
379,pranoprofen,pranoprofen,pranoprofen,10.1002/jps.24101,PVA,acetone,False,62.01,255.27,2.97,59.42,182.5,3,1,4,29.19,0.111,1.5,2.0,18.0,5.1,-1.0,3.0,-1,3
380,pranoprofen,pranoprofen,pranoprofen,10.1002/jps.24101,PVA,acetone,False,62.09,255.27,2.97,59.42,182.5,3,1,4,29.19,0.111,1.5,2.0,18.0,5.1,-1.0,3.0,-1,3
381,efavirenz,efavirenz,efavirenz,10.1021/acsami.8b12214,poloxamer407,acetone,False,85.9,315.68,4.07,38.33,140.0,2,1,7,1.22,0.05,1.0,20.0,20.5,5.1,0.0,1.0,0,1
382,anastrozole,anastrozole,anastrozole,10.3109/02652048.2013.808280,poloxamer188,acetone,False,41.21,293.37,2.93,78.29,81.5,5,0,5,1.22,0.1,0.25,2.0,29.0,5.1,0.0,1.0,0,1
383,anastrozole,anastrozole,anastrozole,10.3109/02652048.2013.808280,poloxamer188,acetone,False,37.61,293.37,2.93,78.29,81.5,5,0,5,1.22,0.1,0.5,2.0,29.0,5.1,0.0,1.0,0,1
384,anastrozole,anastrozole,anastrozole,10.3109/02652048.2013.808280,poloxamer188,acetone,False,39.55,293.37,2.93,78.29,81.5,5,0,5,1.22,0.1,0.75,2.0,29.0,5.1,0.0,1.0,0,1
385,anastrozole,anastrozole,anastrozole,10.3109/02652048.2013.808280,poloxamer188,acetone,False,50.53,293.37,2.93,78.29,81.5,5,0,5,1.22,0.1,0.25,2.0,29.0,5.1,0.0,1.0,0,1
386,anastrozole,anastrozole,anastrozole,10.3109/02652048.2013.808280,poloxamer188,acetone,False,45.99,293.37,2.93,78.29,81.5,5,0,5,1.22,0.1,0.5,2.0,29.0,5.1,0.0,1.0,0,1
387,anastrozole,anastrozole,anastrozole,10.3109/02652048.2013.808280,poloxamer188,acetone,False,47.87,293.37,2.93,78.29,81.5,5,0,5,1.22,0.1,0.75,2.0,29.0,5.1,0.0,1.0,0,1
388,anastrozole,anastrozole,anastrozole,10.3109/02652048.2013.808280,poloxamer188,acetone,False,56.75,293.37,2.93,78.29,81.5,5,0,5,1.22,0.1,0.25,2.0,29.0,5.1,0.0,1.0,0,1
389,anastrozole,anastrozole,anastrozole,10.3109/02652048.2013.808280,poloxamer188,acetone,False,53.26,293.37,2.93,78.29,81.5,5,0,5,1.22,0.1,0.5,2.0,29.0,5.1,0.0,1.0,0,1
390,anastrozole,anastrozole,anastrozole,10.3109/02652048.2013.808280,poloxamer188,acetone,False,57.38,293.37,2.93,78.29,81.5,5,0,5,1.22,0.1,0.75,2.0,29.0,5.1,0.0,1.0,0,1
391,anastrozole,anastrozole,anastrozole,10.3109/02652048.2013.808280,poloxamer188,acetone,False,43.29,293.37,2.93,78.29,81.5,5,0,5,1.22,0.067,0.25,2.0,29.0,5.1,0.0,1.0,0,1
392,anastrozole,anastrozole,anastrozole,10.3109/02652048.2013.808280,poloxamer188,acetone,False,44.66,293.37,2.93,78.29,81.5,5,0,5,1.22,0.067,0.5,2.0,29.0,5.1,0.0,1.0,0,1
393,anastrozole,anastrozole,anastrozole,10.3109/02652048.2013.808280,poloxamer188,acetone,False,42.42,293.37,2.93,78.29,81.5,5,0,5,1.22,0.067,0.75,2.0,29.0,5.1,0.0,1.0,0,1
394,anastrozole,anastrozole,anastrozole,10.3109/02652048.2013.808280,poloxamer188,acetone,False,54.82,293.37,2.93,78.29,81.5,5,0,5,1.22,0.067,0.25,2.0,29.0,5.1,0.0,1.0,0,1
395,anastrozole,anastrozole,anastrozole,10.3109/02652048.2013.808280,poloxamer188,acetone,False,48.66,293.37,2.93,78.29,81.5,5,0,5,1.22,0.067,0.5,2.0,29.0,5.1,0.0,1.0,0,1
396,anastrozole,anastrozole,anastrozole,10.3109/02652048.2013.808280,poloxamer188,acetone,False,52.66,293.37,2.93,78.29,81.5,5,0,5,1.22,0.067,0.75,2.0,29.0,5.1,0.0,1.0,0,1
397,anastrozole,anastrozole,anastrozole,10.3109/02652048.2013.808280,poloxamer188,acetone,False,58.52,293.37,2.93,78.29,81.5,5,0,5,1.22,0.067,0.25,2.0,29.0,5.1,0.0,1.0,0,1
398,anastrozole,anastrozole,anastrozole,10.3109/02652048.2013.808280,poloxamer188,acetone,False,55.04,293.37,2.93,78.29,81.5,5,0,5,1.22,0.067,0.5,2.0,29.0,5.1,0.0,1.0,0,1
399,anastrozole,anastrozole,anastrozole,10.3109/02652048.2013.808280,poloxamer188,acetone,False,57.14,293.37,2.93,78.29,81.5,5,0,5,1.22,0.067,0.75,2.0,29.0,5.1,0.0,1.0,0,1
400,anastrozole,anastrozole,anastrozole,10.3109/02652048.2013.808280,poloxamer188,acetone,False,36.66,293.37,2.93,78.29,81.5,5,0,5,1.22,0.05,0.25,2.0,29.0,5.1,0.0,1.0,0,1
401,anastrozole,anastrozole,anastrozole,10.3109/02652048.2013.808280,poloxamer188,acetone,False,43.18,293.37,2.93,78.29,81.5,5,0,5,1.22,0.05,0.5,2.0,29.0,5.1,0.0,1.0,0,1
402,anastrozole,anastrozole,anastrozole,10.3109/02652048.2013.808280,poloxamer188,acetone,False,39.11,293.37,2.93,78.29,81.5,5,0,5,1.22,0.05,0.75,2.0,29.0,5.1,0.0,1.0,0,1
403,anastrozole,anastrozole,anastrozole,10.3109/02652048.2013.808280,poloxamer188,acetone,False,49.03,293.37,2.93,78.29,81.5,5,0,5,1.22,0.05,0.25,2.0,29.0,5.1,0.0,1.0,0,1
404,anastrozole,anastrozole,anastrozole,10.3109/02652048.2013.808280,poloxamer188,acetone,False,52.53,293.37,2.93,78.29,81.5,5,0,5,1.22,0.05,0.5,2.0,29.0,5.1,0.0,1.0,0,1
405,anastrozole,anastrozole,anastrozole,10.3109/02652048.2013.808280,poloxamer188,acetone,False,46.35,293.37,2.93,78.29,81.5,5,0,5,1.22,0.05,0.75,2.0,29.0,5.1,0.0,1.0,0,1
406,anastrozole,anastrozole,anastrozole,10.3109/02652048.2013.808280,poloxamer188,acetone,False,61.65,293.37,2.93,78.29,81.5,5,0,5,1.22,0.05,0.25,2.0,29.0,5.1,0.0,1.0,0,1
407,anastrozole,anastrozole,anastrozole,10.3109/02652048.2013.808280,poloxamer188,acetone,False,59.7,293.37,2.93,78.29,81.5,5,0,5,1.22,0.05,0.5,2.0,29.0,5.1,0.0,1.0,0,1
408,anastrozole,anastrozole,anastrozole,10.3109/02652048.2013.808280,poloxamer188,acetone,False,54.32,293.37,2.93,78.29,81.5,5,0,5,1.22,0.05,0.75,2.0,29.0,5.1,0.0,1.0,0,1
409,mometasone-furoate,mometasone-furoate,mometasone-furoate,10.1021/acsomega.0c00111,SolutolHS-15,acetone,False,90.0,521.44,4.87,93.81,219.0,6,1,8,108.95,0.333,0.1,2.0,15.0,5.1,0.0,1.0,0,1
410,procaine_hydrochloride,procaine_hydrochloride,procaine,10.1016/S0168-3659(98)00116-3,none,acetonitrile,False,14.5,272.78,2.19,55.56,155.5,4,1,5,10.0,0.01,0.0,3.0,0.0,5.8,-1.0,1.0,-1,1
411,procaine_hydrochloride,procaine_hydrochloride,procaine,10.1016/S0168-3659(98)00116-3,none,acetonitrile,False,11.0,272.78,2.19,55.56,155.5,4,1,5,10.0,0.02,0.0,3.0,0.0,5.8,-1.0,1.0,-1,1
412,procaine_hydrochloride,procaine_hydrochloride,procaine,10.1016/S0168-3659(98)00116-3,none,acetonitrile,False,8.9,272.78,2.19,55.56,155.5,4,1,5,10.0,0.04,0.0,3.0,0.0,5.8,-1.0,1.0,-1,1
413,procaine_hydrochloride,procaine_hydrochloride,procaine,10.1016/S0168-3659(98)00116-3,none,acetonitrile,False,7.6,272.78,2.19,55.56,155.5,4,1,5,10.0,0.06,0.0,3.0,0.0,5.8,-1.0,1.0,-1,1
414,procaine_hydrochloride,procaine_hydrochloride,procaine,10.1016/S0168-3659(98)00116-3,none,acetonitrile,False,6.3,272.78,2.19,55.56,155.5,4,1,5,10.0,0.1,0.0,3.0,0.0,5.8,-1.0,1.0,-1,1
415,procaine_hydrochloride,procaine_hydrochloride,procaine,10.1016/S0168-3659(98)00116-3,none,acetonitrile,False,62.0,272.78,2.19,55.56,155.5,4,1,5,10.0,0.01,0.0,3.0,0.0,5.8,1.0,1.0,1,1
416,procaine_hydrochloride,procaine_hydrochloride,procaine,10.1016/S0168-3659(98)00116-3,none,acetonitrile,False,58.2,272.78,2.19,55.56,155.5,4,1,5,10.0,0.02,0.0,3.0,0.0,5.8,1.0,1.0,1,1
417,procaine_hydrochloride,procaine_hydrochloride,procaine,10.1016/S0168-3659(98)00116-3,none,acetonitrile,False,44.7,272.78,2.19,55.56,155.5,4,1,5,10.0,0.04,0.0,3.0,0.0,5.8,1.0,1.0,1,1
418,procaine_hydrochloride,procaine_hydrochloride,procaine,10.1016/S0168-3659(98)00116-3,none,acetonitrile,False,37.7,272.78,2.19,55.56,155.5,4,1,5,10.0,0.06,0.0,3.0,0.0,5.8,1.0,1.0,1,1
419,procaine_hydrochloride,procaine_hydrochloride,procaine,10.1016/S0168-3659(98)00116-3,none,acetonitrile,False,28.3,272.78,2.19,55.56,155.5,4,1,5,10.0,0.1,0.0,3.0,0.0,5.8,1.0,1.0,1,1
420,procaine_dihydrate,procaine_dihydrate,procaine,10.1016/S0168-3659(98)00116-3,none,acetonitrile,False,36.2,272.35,0.12,118.56,61.0,4,1,6,10.0,0.01,0.0,3.0,0.0,5.8,-1.0,1.0,-1,1
421,procaine_dihydrate,procaine_dihydrate,procaine,10.1016/S0168-3659(98)00116-3,none,acetonitrile,False,41.4,272.35,0.12,118.56,61.0,4,1,6,10.0,0.02,0.0,3.0,0.0,5.8,-1.0,1.0,-1,1
422,procaine_dihydrate,procaine_dihydrate,procaine,10.1016/S0168-3659(98)00116-3,none,acetonitrile,False,44.1,272.35,0.12,118.56,61.0,4,1,6,10.0,0.04,0.0,3.0,0.0,5.8,-1.0,1.0,-1,1
423,procaine_dihydrate,procaine_dihydrate,procaine,10.1016/S0168-3659(98)00116-3,none,acetonitrile,False,39.0,272.35,0.12,118.56,61.0,4,1,6,10.0,0.06,0.0,3.0,0.0,5.8,-1.0,1.0,-1,1
424,procaine_dihydrate,procaine_dihydrate,procaine,10.1016/S0168-3659(98)00116-3,none,acetonitrile,False,34.8,272.35,0.12,118.56,61.0,4,1,6,10.0,0.1,0.0,3.0,0.0,5.8,-1.0,1.0,-1,1
425,paclitaxel,paclitaxel,paclitaxel,10.1016/j.colsurfb.2014.07.030,PVA,acetone,False,52.5,853.92,3.74,221.29,214.5,14,4,15,51.68,0.04,1.0,20.0,18.0,5.1,0.0,1.0,0,1
426,levofloxacin,levofloxacin,levofloxacin,10.1007/s11095-010-0142-6,poloxamer188,acetone,False,15.0,361.37,1.54,75.01,226.0,6,1,8,44.49,0.08,0.1,2.0,29.0,5.1,0.0,1.0,0,1
427,oxcarbazepine,oxcarbazepine,oxcarbazepine,10.2147/IJN.S77498,none,acetone,False,69.79,252.27,2.64,63.4,215.5,2,1,4,1.33,0.05,0.0,5.0,0.0,5.1,0.0,1.0,0,1
428,oxcarbazepine,oxcarbazepine,oxcarbazepine,10.2147/IJN.S77498,TPGS,acetone,False,72.13,252.27,2.64,63.4,215.5,2,1,4,1.33,0.05,0.03,5.0,13.0,5.1,0.0,1.0,0,1
429,kartogenin,kartogenin,kartogenin,10.1007/s10439-019-02430-x,PVA,acetonitrile,False,62.0,317.34,4.3,66.4,280.0,2,2,4,15.1,0.1,0.2,10.0,18.0,5.8,0.0,1.0,0,1
430,cisplatin,cisplatin,cisplatin,10.1016/j.jsps.2021.07.001,sodium-cholate,DMSO,False,45.13,300.05,1.7,70.0,270.0,2,2,5,31.0,0.1,1.0,10.0,18.0,7.2,0.0,1.0,0,1
431,rivaroxaban,rivaroxaban,rivaroxaban,10.1088/1361-6528/abd0b5,poloxamer188,acetone,False,91.35,435.89,2.52,88.18,230.0,6,1,10,46.0,0.035,0.5,3.0,29.0,5.1,0.0,1.0,0,1
432,dexamethasone,dexamethasone,dexamethasone,10.1139/cjpp-2017-0795,none,acetone,False,34.57,392.47,1.9,94.83,263.0,5,3,6,19.0,0.2,0.0,2.0,0.0,5.1,1.0,1.0,1,1
